/*
 Navicat Premium Data Transfer

 Source Server         : 3308new
 Source Server Type    : MySQL
 Source Server Version : 50722
 Source Host           : 192.168.50.222:3308
 Source Schema         : ry-gen

 Target Server Type    : MySQL
 Target Server Version : 50722
 File Encoding         : 65001

 Date: 23/02/2021 14:48:42
*/

SET NAMES utf8mb4;
SET FOREIGN_KEY_CHECKS = 0;

-- ----------------------------
-- Table structure for gen_table
-- ----------------------------
DROP TABLE IF EXISTS `gen_table`;
CREATE TABLE `gen_table`  (
  `table_id` bigint(20) NOT NULL AUTO_INCREMENT COMMENT '编号',
  `table_name` varchar(200) CHARACTER SET utf8 COLLATE utf8_general_ci NULL DEFAULT '' COMMENT '表名称',
  `table_comment` varchar(500) CHARACTER SET utf8 COLLATE utf8_general_ci NULL DEFAULT '' COMMENT '表描述',
  `class_name` varchar(100) CHARACTER SET utf8 COLLATE utf8_general_ci NULL DEFAULT '' COMMENT '实体类名称',
  `tpl_category` varchar(200) CHARACTER SET utf8 COLLATE utf8_general_ci NULL DEFAULT '1' COMMENT '使用的模板（crud单表操作 tree树表操作）',
  `package_name` varchar(100) CHARACTER SET utf8 COLLATE utf8_general_ci NULL DEFAULT NULL COMMENT '生成包路径',
  `module_name` varchar(30) CHARACTER SET utf8 COLLATE utf8_general_ci NULL DEFAULT NULL COMMENT '生成模块名',
  `business_name` varchar(30) CHARACTER SET utf8 COLLATE utf8_general_ci NULL DEFAULT NULL COMMENT '生成业务名',
  `function_name` varchar(50) CHARACTER SET utf8 COLLATE utf8_general_ci NULL DEFAULT NULL COMMENT '生成功能名',
  `function_author` varchar(50) CHARACTER SET utf8 COLLATE utf8_general_ci NULL DEFAULT NULL COMMENT '生成功能作者',
  `gen_type` char(1) CHARACTER SET utf8 COLLATE utf8_general_ci NULL DEFAULT '0' COMMENT '生成代码方式（0zip压缩包 1自定义路径）',
  `gen_path` varchar(200) CHARACTER SET utf8 COLLATE utf8_general_ci NULL DEFAULT '/' COMMENT '生成路径（不填默认项目路径）',
  `options` varchar(1000) CHARACTER SET utf8 COLLATE utf8_general_ci NULL DEFAULT NULL COMMENT '其它生成选项',
  `create_by` varchar(64) CHARACTER SET utf8 COLLATE utf8_general_ci NULL DEFAULT '' COMMENT '创建者',
  `create_time` datetime(0) NULL DEFAULT NULL COMMENT '创建时间',
  `update_by` varchar(64) CHARACTER SET utf8 COLLATE utf8_general_ci NULL DEFAULT '' COMMENT '更新者',
  `update_time` datetime(0) NULL DEFAULT NULL COMMENT '更新时间',
  `remark` varchar(500) CHARACTER SET utf8 COLLATE utf8_general_ci NULL DEFAULT NULL COMMENT '备注',
  `sub_table_name` varchar(64) CHARACTER SET utf8 COLLATE utf8_general_ci NULL DEFAULT NULL COMMENT '关联子表的表名',
  `sub_table_fk_name` varchar(64) CHARACTER SET utf8 COLLATE utf8_general_ci NULL DEFAULT NULL COMMENT '子表关联的外键名',
  PRIMARY KEY (`table_id`) USING BTREE
) ENGINE = InnoDB AUTO_INCREMENT = 11 CHARACTER SET = utf8 COLLATE = utf8_general_ci COMMENT = '代码生成业务表' ROW_FORMAT = Dynamic;

-- ----------------------------
-- Records of gen_table
-- ----------------------------
INSERT INTO `gen_table` VALUES (1, 'test_case', '测试用例表', 'TestCase', '1', 'com.ruoyi.gen', 'gen', 'case', '测试用例', 'ruoyi', '0', '/', '{\"parentMenuId\":\"3\"}', 'admin', '2020-12-17 16:27:38', '', '2020-12-28 17:27:25', NULL, NULL, NULL);
INSERT INTO `gen_table` VALUES (2, 'gen_template', '代码生成模板管理', 'GenTemplate', '1', 'com.ruoyi.gen', 'gen', 'template', '代码生成模板管理1', 'ruoyi', '0', '/', '{\"parentMenuId\":\"3\"}', 'admin', '2020-12-17 17:46:16', '', '2020-12-22 10:35:18', NULL, NULL, NULL);
INSERT INTO `gen_table` VALUES (3, 'gen_template_scheme', '代码生成模板组管理', 'GenTemplateScheme', '1', 'com.ruoyi.gen', 'gen', 'scheme', '代码生成模板组管理', 'ruoyi', '0', '/', '{\"parentMenuId\":3}', 'admin', '2020-12-17 17:46:16', '', '2020-12-17 17:47:20', NULL, NULL, NULL);
INSERT INTO `gen_table` VALUES (4, 'generator_data_source', '数据源', 'GeneratorDataSource', '1', 'com.ruoyi.gen', 'gen', 'source', '数据源', 'ruoyi', '0', '/', '{\"parentMenuId\":\"3\"}', 'admin', '2020-12-17 17:46:16', '', '2020-12-28 10:47:35', NULL, NULL, NULL);
INSERT INTO `gen_table` VALUES (5, 'appointment', '要约单', 'Appointment', '1', 'com.ruoyi.system', 'system', 'appointment', '要约单', 'ruoyi', '0', '/', NULL, 'admin', '2020-12-25 17:11:39', '', NULL, NULL, NULL, NULL);
INSERT INTO `gen_table` VALUES (6, 'con_invoice', '发票申请流程', 'ConInvoice', '1', 'com.ruoyi.system', 'system', 'invoice', '发票申请流程', 'ruoyi', '0', '/', NULL, 'admin', '2020-12-25 17:12:41', '', NULL, NULL, NULL, NULL);
INSERT INTO `gen_table` VALUES (7, 'con_manage_record', '经营备案审批单', 'ConManageRecord', '1', 'com.ruoyi.system', 'system', 'record', '经营备案审批单', 'ruoyi', '0', '/', NULL, 'admin', '2020-12-25 17:13:10', '', NULL, NULL, NULL, NULL);
INSERT INTO `gen_table` VALUES (8, 'appointment', '要约单', 'Appointment', '1', 'com.ruoyi.system', 'system', 'appointment', '要约单', 'ruoyi', '0', '/', NULL, 'admin', '2020-12-28 17:16:15', '', NULL, NULL, NULL, NULL);
INSERT INTO `gen_table` VALUES (9, 'base_table', '基础表', 'BaseTable', '1', 'com.ruoyi.system', 'system', 'table', '基础', 'ruoyi', '0', '/', NULL, 'admin', '2020-12-28 17:17:40', '', NULL, NULL, NULL, NULL);
INSERT INTO `gen_table` VALUES (10, 'appointment', '要约单', 'Appointment', '1', 'com.ruoyi.system', 'system', 'appointment', '要约单', 'ruoyi', '0', '/', NULL, 'admin', '2020-12-28 17:17:59', '', NULL, NULL, NULL, NULL);

-- ----------------------------
-- Table structure for gen_table_column
-- ----------------------------
DROP TABLE IF EXISTS `gen_table_column`;
CREATE TABLE `gen_table_column`  (
  `column_id` bigint(20) NOT NULL AUTO_INCREMENT COMMENT '编号',
  `table_id` varchar(64) CHARACTER SET utf8 COLLATE utf8_general_ci NULL DEFAULT NULL COMMENT '归属表编号',
  `column_name` varchar(200) CHARACTER SET utf8 COLLATE utf8_general_ci NULL DEFAULT NULL COMMENT '列名称',
  `column_comment` varchar(500) CHARACTER SET utf8 COLLATE utf8_general_ci NULL DEFAULT NULL COMMENT '列描述',
  `column_type` varchar(100) CHARACTER SET utf8 COLLATE utf8_general_ci NULL DEFAULT NULL COMMENT '列类型',
  `java_type` varchar(500) CHARACTER SET utf8 COLLATE utf8_general_ci NULL DEFAULT NULL COMMENT 'JAVA类型',
  `java_field` varchar(200) CHARACTER SET utf8 COLLATE utf8_general_ci NULL DEFAULT NULL COMMENT 'JAVA字段名',
  `is_pk` char(1) CHARACTER SET utf8 COLLATE utf8_general_ci NULL DEFAULT NULL COMMENT '是否主键（1是）',
  `is_increment` char(1) CHARACTER SET utf8 COLLATE utf8_general_ci NULL DEFAULT NULL COMMENT '是否自增（1是）',
  `is_required` char(1) CHARACTER SET utf8 COLLATE utf8_general_ci NULL DEFAULT NULL COMMENT '是否必填（1是）',
  `is_insert` char(1) CHARACTER SET utf8 COLLATE utf8_general_ci NULL DEFAULT NULL COMMENT '是否为插入字段（1是）',
  `is_edit` char(1) CHARACTER SET utf8 COLLATE utf8_general_ci NULL DEFAULT NULL COMMENT '是否编辑字段（1是）',
  `is_list` char(1) CHARACTER SET utf8 COLLATE utf8_general_ci NULL DEFAULT NULL COMMENT '是否列表字段（1是）',
  `is_query` char(1) CHARACTER SET utf8 COLLATE utf8_general_ci NULL DEFAULT NULL COMMENT '是否查询字段（1是）',
  `query_type` varchar(200) CHARACTER SET utf8 COLLATE utf8_general_ci NULL DEFAULT 'EQ' COMMENT '查询方式（等于、不等于、大于、小于、范围）',
  `html_type` varchar(200) CHARACTER SET utf8 COLLATE utf8_general_ci NULL DEFAULT NULL COMMENT '显示类型（文本框、文本域、下拉框、复选框、单选框、日期控件）',
  `dict_type` varchar(200) CHARACTER SET utf8 COLLATE utf8_general_ci NULL DEFAULT '' COMMENT '字典类型',
  `sort` int(11) NULL DEFAULT NULL COMMENT '排序',
  `create_by` varchar(64) CHARACTER SET utf8 COLLATE utf8_general_ci NULL DEFAULT '' COMMENT '创建者',
  `create_time` datetime(0) NULL DEFAULT NULL COMMENT '创建时间',
  `update_by` varchar(64) CHARACTER SET utf8 COLLATE utf8_general_ci NULL DEFAULT '' COMMENT '更新者',
  `update_time` datetime(0) NULL DEFAULT NULL COMMENT '更新时间',
  PRIMARY KEY (`column_id`) USING BTREE
) ENGINE = InnoDB AUTO_INCREMENT = 228 CHARACTER SET = utf8 COLLATE = utf8_general_ci COMMENT = '代码生成业务表字段' ROW_FORMAT = Dynamic;

-- ----------------------------
-- Records of gen_table_column
-- ----------------------------
INSERT INTO `gen_table_column` VALUES (1, '1', 'id', 'id主键', 'int(4)', 'Integer', 'id', '1', '1', NULL, '1', NULL, NULL, NULL, 'EQ', 'input', '', 1, 'admin', '2020-12-17 16:27:39', '', '2020-12-28 17:27:25');
INSERT INTO `gen_table_column` VALUES (2, '1', 'del_Flag', '删除标识（0正常 1关闭）', 'varchar(2)', 'String', 'delFlag', '0', '0', NULL, '1', NULL, NULL, NULL, 'EQ', 'input', '', 2, 'admin', '2020-12-17 16:27:39', '', '2020-12-28 17:27:25');
INSERT INTO `gen_table_column` VALUES (3, '1', 'create_by', '创建者', 'varchar(64)', 'String', 'createBy', '0', '0', NULL, '1', NULL, NULL, NULL, 'EQ', 'input', '', 3, 'admin', '2020-12-17 16:27:39', '', '2020-12-28 17:27:25');
INSERT INTO `gen_table_column` VALUES (4, '1', 'create_time', '创建时间', 'datetime', 'Date', 'createTime', '0', '0', NULL, '1', NULL, NULL, NULL, 'EQ', 'datetime', '', 4, 'admin', '2020-12-17 16:27:39', '', '2020-12-28 17:27:25');
INSERT INTO `gen_table_column` VALUES (5, '1', 'update_by', '更新者', 'varchar(64)', 'String', 'updateBy', '0', '0', NULL, '1', NULL, NULL, NULL, 'EQ', 'input', '', 5, 'admin', '2020-12-17 16:27:39', '', '2020-12-28 17:27:25');
INSERT INTO `gen_table_column` VALUES (6, '1', 'update_time', '更新时间', 'datetime', 'Date', 'updateTime', '0', '0', NULL, '1', NULL, NULL, NULL, 'EQ', 'datetime', '', 6, 'admin', '2020-12-17 16:27:39', '', '2020-12-28 17:27:25');
INSERT INTO `gen_table_column` VALUES (7, '1', 'theme', '主题', 'varchar(255)', 'String', 'theme', '0', '0', NULL, '1', '1', '1', '1', 'EQ', 'input', '', 7, 'admin', '2020-12-17 16:27:39', '', '2020-12-28 17:27:25');
INSERT INTO `gen_table_column` VALUES (8, '1', 'type', '类型', 'varchar(255)', 'String', 'type', '0', '0', NULL, '1', '1', '1', NULL, 'EQ', 'input', '', 8, 'admin', '2020-12-17 16:27:39', '', '2020-12-28 17:27:25');
INSERT INTO `gen_table_column` VALUES (9, '1', 'parent_task', '父级任务', 'varchar(255)', 'String', 'parentTask', '0', '0', NULL, '1', '1', '1', NULL, 'EQ', 'input', '', 9, 'admin', '2020-12-17 16:27:39', '', '2020-12-28 17:27:25');
INSERT INTO `gen_table_column` VALUES (10, '1', 'agent', '经办人', 'varchar(255)', 'String', 'agent', '0', '0', NULL, '1', '1', '1', '1', 'EQ', 'input', '', 10, 'admin', '2020-12-17 16:27:39', '', '2020-12-28 17:27:25');
INSERT INTO `gen_table_column` VALUES (11, '1', 'priority', '优先级', 'varchar(10)', 'String', 'priority', '0', '0', NULL, '1', '1', '1', NULL, 'EQ', 'input', '', 11, 'admin', '2020-12-17 16:27:39', '', '2020-12-28 17:27:25');
INSERT INTO `gen_table_column` VALUES (12, '1', 'status', '状态', 'varchar(10)', 'String', 'status', '0', '0', NULL, '1', '1', '1', '1', 'EQ', 'radio', '', 12, 'admin', '2020-12-17 16:27:39', '', '2020-12-28 17:27:25');
INSERT INTO `gen_table_column` VALUES (13, '1', 'solve_results', '解决结果', 'varchar(10)', 'String', 'solveResults', '0', '0', NULL, '1', '1', '1', NULL, 'EQ', 'input', '', 13, 'admin', '2020-12-17 16:27:39', '', '2020-12-28 17:27:25');
INSERT INTO `gen_table_column` VALUES (14, '1', 'module', '模块', 'varchar(255)', 'String', 'module', '0', '0', NULL, '1', '1', NULL, NULL, 'EQ', 'input', '', 14, 'admin', '2020-12-17 16:27:39', '', '2020-12-28 17:27:25');
INSERT INTO `gen_table_column` VALUES (15, '1', 'expected_completion_time', '期望完成时间', 'datetime', 'Date', 'expectedCompletionTime', '0', '0', NULL, '1', '1', NULL, NULL, 'EQ', 'datetime', '', 15, 'admin', '2020-12-17 16:27:39', '', '2020-12-28 17:27:25');
INSERT INTO `gen_table_column` VALUES (16, '1', 'original_estimate_time', '原估时间', 'varchar(20)', 'String', 'originalEstimateTime', '0', '0', NULL, '1', '1', NULL, NULL, 'EQ', 'input', '', 16, 'admin', '2020-12-17 16:27:39', '', '2020-12-28 17:27:25');
INSERT INTO `gen_table_column` VALUES (17, '1', 'label', '标签', 'varchar(255)', 'String', 'label', '0', '0', NULL, '1', NULL, NULL, NULL, 'EQ', 'input', '', 17, 'admin', '2020-12-17 16:27:39', '', '2020-12-28 17:27:25');
INSERT INTO `gen_table_column` VALUES (18, '2', 'id', '主键', 'int(32)', 'Long', 'id', '1', '1', NULL, '1', NULL, NULL, NULL, 'EQ', 'input', '', 1, 'admin', '2020-12-17 17:46:16', '', '2020-12-22 10:35:18');
INSERT INTO `gen_table_column` VALUES (19, '2', 'name', '模板名称', 'varchar(32)', 'String', 'name', '0', '0', '1', '1', '1', '1', '1', 'LIKE', 'input', '', 2, 'admin', '2020-12-17 17:46:16', '', '2020-12-22 10:35:18');
INSERT INTO `gen_table_column` VALUES (20, '2', 'file_Name', '文件名称', 'varchar(32)', 'String', 'fileName', '0', '0', NULL, '1', '1', '1', '1', 'LIKE', 'input', '', 3, 'admin', '2020-12-17 17:46:16', '', '2020-12-22 10:35:18');
INSERT INTO `gen_table_column` VALUES (21, '2', 'target_package', '目标包路径', 'varchar(500)', 'String', 'targetPackage', '0', '0', NULL, '1', '1', '1', '1', 'EQ', 'textarea', '', 4, 'admin', '2020-12-17 17:46:16', '', '2020-12-22 10:35:18');
INSERT INTO `gen_table_column` VALUES (22, '2', 'template_content', '模板内容', 'text', 'String', 'templateContent', '0', '0', '1', '1', '1', '1', '1', 'EQ', 'editor', '', 5, 'admin', '2020-12-17 17:46:16', '', '2020-12-22 10:35:18');
INSERT INTO `gen_table_column` VALUES (23, '2', 'scheme_id', '方案ID', 'int(32)', 'Long', 'schemeId', '0', '0', NULL, '1', '1', '1', '1', 'EQ', 'input', '', 6, 'admin', '2020-12-17 17:46:16', '', '2020-12-22 10:35:18');
INSERT INTO `gen_table_column` VALUES (24, '2', 'del_flag', '删除标志（0代表存在 2代表删除）', 'char(1)', 'String', 'delFlag', '0', '0', NULL, '1', NULL, NULL, NULL, 'EQ', 'input', '', 7, 'admin', '2020-12-17 17:46:16', '', '2020-12-22 10:35:18');
INSERT INTO `gen_table_column` VALUES (25, '2', 'create_by', '创建者', 'varchar(64)', 'String', 'createBy', '0', '0', NULL, '1', NULL, NULL, NULL, 'EQ', 'input', '', 8, 'admin', '2020-12-17 17:46:16', '', '2020-12-22 10:35:18');
INSERT INTO `gen_table_column` VALUES (26, '2', 'create_time', '创建时间', 'datetime', 'Date', 'createTime', '0', '0', NULL, '1', NULL, NULL, NULL, 'EQ', 'datetime', '', 9, 'admin', '2020-12-17 17:46:16', '', '2020-12-22 10:35:18');
INSERT INTO `gen_table_column` VALUES (27, '2', 'update_by', '更新者', 'varchar(64)', 'String', 'updateBy', '0', '0', NULL, '1', '1', NULL, NULL, 'EQ', 'input', '', 10, 'admin', '2020-12-17 17:46:16', '', '2020-12-22 10:35:18');
INSERT INTO `gen_table_column` VALUES (28, '2', 'update_time', '更新时间', 'datetime', 'Date', 'updateTime', '0', '0', NULL, '1', '1', NULL, NULL, 'EQ', 'datetime', '', 11, 'admin', '2020-12-17 17:46:16', '', '2020-12-22 10:35:18');
INSERT INTO `gen_table_column` VALUES (29, '2', 'template_type', '模板类型', 'varchar(2)', 'String', 'templateType', '0', '0', NULL, '1', '1', '1', '1', 'EQ', 'select', '', 12, 'admin', '2020-12-17 17:46:16', '', '2020-12-22 10:35:18');
INSERT INTO `gen_table_column` VALUES (30, '3', 'id', '主键', 'int(32)', 'Long', 'id', '1', '1', NULL, '1', NULL, NULL, NULL, 'EQ', 'input', '', 1, 'admin', '2020-12-17 17:46:16', '', '2020-12-17 17:47:20');
INSERT INTO `gen_table_column` VALUES (31, '3', 'title', '方案标题', 'varchar(50)', 'String', 'title', '0', '0', '1', '1', '1', '1', '1', 'EQ', 'input', '', 2, 'admin', '2020-12-17 17:46:16', '', '2020-12-17 17:47:20');
INSERT INTO `gen_table_column` VALUES (32, '3', 'description', '方案描述', 'varchar(4000)', 'String', 'description', '0', '0', '1', '1', '1', '1', '1', 'EQ', 'textarea', '', 3, 'admin', '2020-12-17 17:46:16', '', '2020-12-17 17:47:20');
INSERT INTO `gen_table_column` VALUES (33, '3', 'del_flag', '删除标志（0代表存在 2代表删除）', 'char(1)', 'String', 'delFlag', '0', '0', NULL, '1', NULL, NULL, NULL, 'EQ', 'input', '', 4, 'admin', '2020-12-17 17:46:16', '', '2020-12-17 17:47:20');
INSERT INTO `gen_table_column` VALUES (34, '3', 'create_by', '创建者', 'varchar(64)', 'String', 'createBy', '0', '0', NULL, '1', NULL, NULL, NULL, 'EQ', 'input', '', 5, 'admin', '2020-12-17 17:46:16', '', '2020-12-17 17:47:20');
INSERT INTO `gen_table_column` VALUES (35, '3', 'create_time', '创建时间', 'datetime', 'Date', 'createTime', '0', '0', NULL, '1', NULL, NULL, NULL, 'EQ', 'datetime', '', 6, 'admin', '2020-12-17 17:46:16', '', '2020-12-17 17:47:20');
INSERT INTO `gen_table_column` VALUES (36, '3', 'update_by', '更新者', 'varchar(64)', 'String', 'updateBy', '0', '0', NULL, '1', '1', NULL, NULL, 'EQ', 'input', '', 7, 'admin', '2020-12-17 17:46:16', '', '2020-12-17 17:47:20');
INSERT INTO `gen_table_column` VALUES (37, '3', 'update_time', '更新时间', 'datetime', 'Date', 'updateTime', '0', '0', NULL, '1', '1', NULL, NULL, 'EQ', 'datetime', '', 8, 'admin', '2020-12-17 17:46:16', '', '2020-12-17 17:47:20');
INSERT INTO `gen_table_column` VALUES (38, '4', 'id', '主键', 'int(11)', 'Long', 'id', '1', '1', NULL, '1', NULL, NULL, NULL, 'EQ', 'input', '', 1, 'admin', '2020-12-17 17:46:16', '', '2020-12-28 10:47:35');
INSERT INTO `gen_table_column` VALUES (39, '4', 'db_key', '索引关键字', 'varchar(50)', 'String', 'dbKey', '0', '0', '1', '1', '1', '1', '1', 'EQ', 'input', '', 2, 'admin', '2020-12-17 17:46:16', '', '2020-12-28 10:47:35');
INSERT INTO `gen_table_column` VALUES (40, '4', 'description', '描述', 'varchar(50)', 'String', 'description', '0', '0', '1', '1', '1', '1', '1', 'EQ', 'input', '', 3, 'admin', '2020-12-17 17:46:16', '', '2020-12-28 10:47:35');
INSERT INTO `gen_table_column` VALUES (41, '4', 'driver_class', '驱动', 'varchar(50)', 'String', 'driverClass', '0', '0', '1', '1', '1', '1', '1', 'EQ', 'input', '', 4, 'admin', '2020-12-17 17:46:16', '', '2020-12-28 10:47:35');
INSERT INTO `gen_table_column` VALUES (42, '4', 'url', 'URL', 'varchar(200)', 'String', 'url', '0', '0', '1', '1', '1', '1', '1', 'EQ', 'input', '', 5, 'admin', '2020-12-17 17:46:16', '', '2020-12-28 10:47:35');
INSERT INTO `gen_table_column` VALUES (43, '4', 'db_user', '帐号', 'varchar(50)', 'String', 'dbUser', '0', '0', '1', '1', '1', '1', '1', 'EQ', 'input', '', 6, 'admin', '2020-12-17 17:46:16', '', '2020-12-28 10:47:35');
INSERT INTO `gen_table_column` VALUES (44, '4', 'db_password', '密码', 'varchar(50)', 'String', 'dbPassword', '0', '0', NULL, '1', '1', '1', '1', 'EQ', 'input', '', 7, 'admin', '2020-12-17 17:46:16', '', '2020-12-28 10:47:35');
INSERT INTO `gen_table_column` VALUES (45, '4', 'db_type', '数据库类型', 'varchar(50)', 'String', 'dbType', '0', '0', NULL, '1', '1', '1', '1', 'EQ', 'select', '', 8, 'admin', '2020-12-17 17:46:16', '', '2020-12-28 10:47:35');
INSERT INTO `gen_table_column` VALUES (46, '4', 'db_name', '数据库名称', 'varchar(50)', 'String', 'dbName', '0', '0', NULL, '1', '1', '1', '1', 'LIKE', 'input', '', 9, 'admin', '2020-12-17 17:46:16', '', '2020-12-28 10:47:35');
INSERT INTO `gen_table_column` VALUES (47, '4', 'create_by', 'create_by', 'varchar(32)', 'String', 'createBy', '0', '0', NULL, '1', NULL, NULL, NULL, 'EQ', 'input', '', 10, 'admin', '2020-12-17 17:46:16', '', '2020-12-28 10:47:35');
INSERT INTO `gen_table_column` VALUES (48, '4', 'create_time', 'create_date', 'datetime', 'Date', 'createTime', '0', '0', NULL, '1', NULL, NULL, NULL, 'EQ', 'datetime', '', 11, 'admin', '2020-12-17 17:46:16', '', '2020-12-28 10:47:35');
INSERT INTO `gen_table_column` VALUES (49, '4', 'update_by', 'update_by', 'varchar(32)', 'String', 'updateBy', '0', '0', NULL, '1', '1', NULL, NULL, 'EQ', 'input', '', 12, 'admin', '2020-12-17 17:46:16', '', '2020-12-28 10:47:35');
INSERT INTO `gen_table_column` VALUES (50, '4', 'update_time', 'update_date', 'datetime', 'Date', 'updateTime', '0', '0', NULL, '1', '1', NULL, NULL, 'EQ', 'datetime', '', 13, 'admin', '2020-12-17 17:46:16', '', '2020-12-28 10:47:35');
INSERT INTO `gen_table_column` VALUES (51, '4', 'remarks', 'remarks', 'varchar(255)', 'String', 'remarks', '0', '0', NULL, '1', '1', '1', '1', 'EQ', 'input', '', 14, 'admin', '2020-12-17 17:46:16', '', '2020-12-28 10:47:35');
INSERT INTO `gen_table_column` VALUES (52, '4', 'del_flag', 'del_flag', 'char(1)', 'String', 'delFlag', '0', '0', NULL, '1', NULL, NULL, NULL, 'EQ', 'input', '', 15, 'admin', '2020-12-17 17:46:16', '', '2020-12-28 10:47:35');
INSERT INTO `gen_table_column` VALUES (53, '5', 'Id', NULL, 'int(20)', 'Long', 'id', '1', '1', NULL, '1', NULL, NULL, NULL, 'EQ', 'input', '', 1, 'admin', '2020-12-25 17:11:39', '', NULL);
INSERT INTO `gen_table_column` VALUES (54, '5', 'WeiTuoFang', NULL, 'varchar(150)', 'String', 'weituofang', '0', '0', NULL, '1', '1', '1', '1', 'EQ', 'input', '', 2, 'admin', '2020-12-25 17:11:39', '', NULL);
INSERT INTO `gen_table_column` VALUES (55, '5', 'Address', NULL, 'varchar(200)', 'String', 'address', '0', '0', NULL, '1', '1', '1', '1', 'EQ', 'input', '', 3, 'admin', '2020-12-25 17:11:39', '', NULL);
INSERT INTO `gen_table_column` VALUES (56, '5', 'MeetDate', NULL, 'date', 'Date', 'meetdate', '0', '0', NULL, '1', '1', '1', '1', 'EQ', 'datetime', '', 4, 'admin', '2020-12-25 17:11:39', '', NULL);
INSERT INTO `gen_table_column` VALUES (57, '5', 'Way', NULL, 'varchar(50)', 'String', 'way', '0', '0', NULL, '1', '1', '1', '1', 'EQ', 'input', '', 5, 'admin', '2020-12-25 17:11:39', '', NULL);
INSERT INTO `gen_table_column` VALUES (58, '5', 'ProjectName', NULL, 'varchar(50)', 'String', 'projectname', '0', '0', NULL, '1', '1', '1', '1', 'LIKE', 'input', '', 6, 'admin', '2020-12-25 17:11:39', '', NULL);
INSERT INTO `gen_table_column` VALUES (59, '5', 'ProjectStatus', NULL, 'varchar(50)', 'String', 'projectstatus', '0', '0', NULL, '1', '1', '1', '1', 'EQ', 'radio', '', 7, 'admin', '2020-12-25 17:11:39', '', NULL);
INSERT INTO `gen_table_column` VALUES (60, '5', 'ProjectRequirement', NULL, 'varchar(150)', 'String', 'projectrequirement', '0', '0', NULL, '1', '1', '1', '1', 'EQ', 'input', '', 8, 'admin', '2020-12-25 17:11:39', '', NULL);
INSERT INTO `gen_table_column` VALUES (61, '5', 'AskForFinishDate', NULL, 'date', 'Date', 'askforfinishdate', '0', '0', NULL, '1', '1', '1', '1', 'EQ', 'datetime', '', 9, 'admin', '2020-12-25 17:11:39', '', NULL);
INSERT INTO `gen_table_column` VALUES (62, '5', 'ContractDate', NULL, 'date', 'Date', 'contractdate', '0', '0', NULL, '1', '1', '1', '1', 'EQ', 'datetime', '', 10, 'admin', '2020-12-25 17:11:39', '', NULL);
INSERT INTO `gen_table_column` VALUES (63, '5', 'WeiTuoLinkMan', NULL, 'varchar(50)', 'String', 'weituolinkman', '0', '0', NULL, '1', '1', '1', '1', 'EQ', 'input', '', 11, 'admin', '2020-12-25 17:11:39', '', NULL);
INSERT INTO `gen_table_column` VALUES (64, '5', 'WeiTuoLinkPhone', NULL, 'varchar(50)', 'String', 'weituolinkphone', '0', '0', NULL, '1', '1', '1', '1', 'EQ', 'input', '', 12, 'admin', '2020-12-25 17:11:39', '', NULL);
INSERT INTO `gen_table_column` VALUES (65, '5', 'NoContractReason', NULL, 'varchar(200)', 'String', 'nocontractreason', '0', '0', NULL, '1', '1', '1', '1', 'EQ', 'input', '', 13, 'admin', '2020-12-25 17:11:39', '', NULL);
INSERT INTO `gen_table_column` VALUES (66, '5', 'EstimatedMoney', NULL, 'double(19,4)', 'BigDecimal', 'estimatedmoney', '0', '0', NULL, '1', '1', '1', '1', 'EQ', 'input', '', 14, 'admin', '2020-12-25 17:11:39', '', NULL);
INSERT INTO `gen_table_column` VALUES (67, '5', 'Remark', NULL, 'varchar(200)', 'String', 'remark', '0', '0', NULL, '1', '1', '1', '1', 'EQ', 'input', '', 15, 'admin', '2020-12-25 17:11:39', '', NULL);
INSERT INTO `gen_table_column` VALUES (68, '5', 'ProjectOwnerPoint', NULL, 'varchar(200)', 'String', 'projectownerpoint', '0', '0', NULL, '1', '1', '1', '1', 'EQ', 'input', '', 16, 'admin', '2020-12-25 17:11:39', '', NULL);
INSERT INTO `gen_table_column` VALUES (69, '5', 'ProjectOwnerSigner', NULL, 'int(20) unsigned zerofill', 'Long', 'projectownersigner', '0', '0', NULL, '1', '1', '1', '1', 'EQ', 'input', '', 17, 'admin', '2020-12-25 17:11:39', '', NULL);
INSERT INTO `gen_table_column` VALUES (70, '5', 'ProjectOwnerSignerDate', NULL, 'date', 'Date', 'projectownersignerdate', '0', '0', NULL, '1', '1', '1', '1', 'EQ', 'datetime', '', 18, 'admin', '2020-12-25 17:11:39', '', NULL);
INSERT INTO `gen_table_column` VALUES (71, '5', 'ProjectDepPoint', NULL, 'varchar(200)', 'String', 'projectdeppoint', '0', '0', NULL, '1', '1', '1', '1', 'EQ', 'input', '', 19, 'admin', '2020-12-25 17:11:39', '', NULL);
INSERT INTO `gen_table_column` VALUES (72, '5', 'ProjectDepSigner', NULL, 'int(20)', 'Long', 'projectdepsigner', '0', '0', NULL, '1', '1', '1', '1', 'EQ', 'input', '', 20, 'admin', '2020-12-25 17:11:39', '', NULL);
INSERT INTO `gen_table_column` VALUES (73, '5', 'ProjectDepSignature', NULL, 'int(20)', 'Long', 'projectdepsignature', '0', '0', NULL, '1', '1', '1', '1', 'EQ', 'input', '', 21, 'admin', '2020-12-25 17:11:39', '', NULL);
INSERT INTO `gen_table_column` VALUES (74, '5', 'ProjectDepSignerDate', NULL, 'date', 'Date', 'projectdepsignerdate', '0', '0', NULL, '1', '1', '1', '1', 'EQ', 'datetime', '', 22, 'admin', '2020-12-25 17:11:39', '', NULL);
INSERT INTO `gen_table_column` VALUES (75, '5', 'BussinessPoint', NULL, 'varchar(200)', 'String', 'bussinesspoint', '0', '0', NULL, '1', '1', '1', '1', 'EQ', 'input', '', 23, 'admin', '2020-12-25 17:11:39', '', NULL);
INSERT INTO `gen_table_column` VALUES (76, '5', 'BussinessSignature', NULL, 'int(20)', 'Long', 'bussinesssignature', '0', '0', NULL, '1', '1', '1', '1', 'EQ', 'input', '', 24, 'admin', '2020-12-25 17:11:39', '', NULL);
INSERT INTO `gen_table_column` VALUES (77, '5', 'BussinessSigner', NULL, 'int(20)', 'Long', 'bussinesssigner', '0', '0', NULL, '1', '1', '1', '1', 'EQ', 'input', '', 25, 'admin', '2020-12-25 17:11:39', '', NULL);
INSERT INTO `gen_table_column` VALUES (78, '5', 'BussinessSignerDate', NULL, 'date', 'Date', 'bussinesssignerdate', '0', '0', NULL, '1', '1', '1', '1', 'EQ', 'datetime', '', 26, 'admin', '2020-12-25 17:11:39', '', NULL);
INSERT INTO `gen_table_column` VALUES (79, '5', 'DivisionLeaderPoint', NULL, 'text', 'String', 'divisionleaderpoint', '0', '0', NULL, '1', '1', '1', '1', 'EQ', 'input', '', 27, 'admin', '2020-12-25 17:11:39', '', NULL);
INSERT INTO `gen_table_column` VALUES (80, '5', 'DivisionLeaderSigner', NULL, 'int(20)', 'Long', 'divisionleadersigner', '0', '0', NULL, '1', '1', '1', '1', 'EQ', 'input', '', 28, 'admin', '2020-12-25 17:11:39', '', NULL);
INSERT INTO `gen_table_column` VALUES (81, '5', 'DivisionLeaderDate', NULL, 'date', 'Date', 'divisionleaderdate', '0', '0', NULL, '1', '1', '1', '1', 'EQ', 'datetime', '', 29, 'admin', '2020-12-25 17:11:39', '', NULL);
INSERT INTO `gen_table_column` VALUES (82, '5', 'DeanPoint', NULL, 'text', 'String', 'deanpoint', '0', '0', NULL, '1', '1', '1', '1', 'EQ', 'input', '', 30, 'admin', '2020-12-25 17:11:39', '', NULL);
INSERT INTO `gen_table_column` VALUES (83, '5', 'DeanSigner', NULL, 'int(20)', 'Long', 'deansigner', '0', '0', NULL, '1', '1', '1', '1', 'EQ', 'input', '', 31, 'admin', '2020-12-25 17:11:39', '', NULL);
INSERT INTO `gen_table_column` VALUES (84, '5', 'DeanDate', NULL, 'date', 'Date', 'deandate', '0', '0', NULL, '1', '1', '1', '1', 'EQ', 'datetime', '', 32, 'admin', '2020-12-25 17:11:40', '', NULL);
INSERT INTO `gen_table_column` VALUES (85, '6', 'Id', NULL, 'int(20)', 'Long', 'id', '1', '1', NULL, '1', NULL, NULL, NULL, 'EQ', 'input', '', 1, 'admin', '2020-12-25 17:12:41', '', NULL);
INSERT INTO `gen_table_column` VALUES (86, '6', 'InvoiceType', '发票类型', 'varchar(50)', 'String', 'invoicetype', '0', '0', NULL, '1', '1', '1', '1', 'EQ', 'select', '', 2, 'admin', '2020-12-25 17:12:41', '', NULL);
INSERT INTO `gen_table_column` VALUES (87, '6', 'ContractType', '合同类型', 'varchar(100)', 'String', 'contracttype', '0', '0', NULL, '1', '1', '1', '1', 'EQ', 'select', '', 3, 'admin', '2020-12-25 17:12:41', '', NULL);
INSERT INTO `gen_table_column` VALUES (88, '6', 'ContractName', '合同名称', 'varchar(255)', 'String', 'contractname', '0', '0', NULL, '1', '1', '1', '1', 'LIKE', 'input', '', 4, 'admin', '2020-12-25 17:12:41', '', NULL);
INSERT INTO `gen_table_column` VALUES (89, '6', 'ContractNo', '合同编号', 'varchar(100)', 'String', 'contractno', '0', '0', NULL, '1', '1', '1', '1', 'EQ', 'input', '', 5, 'admin', '2020-12-25 17:12:41', '', NULL);
INSERT INTO `gen_table_column` VALUES (90, '6', 'ProjectNo', '项目编号', 'text', 'String', 'projectno', '0', '0', NULL, '1', '1', '1', '1', 'EQ', 'input', '', 6, 'admin', '2020-12-25 17:12:41', '', NULL);
INSERT INTO `gen_table_column` VALUES (91, '6', 'ContractMoney', '合同金额', 'double(18,4)', 'BigDecimal', 'contractmoney', '0', '0', NULL, '1', '1', '1', '1', 'EQ', 'input', '', 7, 'admin', '2020-12-25 17:12:41', '', NULL);
INSERT INTO `gen_table_column` VALUES (92, '6', 'ProjectSplit', '分割部门', 'varchar(250)', 'String', 'projectsplit', '0', '0', NULL, '1', '1', '1', '1', 'EQ', 'input', '', 8, 'admin', '2020-12-25 17:12:41', '', NULL);
INSERT INTO `gen_table_column` VALUES (93, '6', 'DrawBill', '已开发票金额', 'double(18,4)', 'BigDecimal', 'drawbill', '0', '0', NULL, '1', '1', '1', '1', 'EQ', 'input', '', 9, 'admin', '2020-12-25 17:12:41', '', NULL);
INSERT INTO `gen_table_column` VALUES (94, '6', 'DrawBillNoRate', '到款(不含税)', 'double(18,4)', 'BigDecimal', 'drawbillnorate', '0', '0', NULL, '1', '1', '1', '1', 'EQ', 'input', '', 10, 'admin', '2020-12-25 17:12:41', '', NULL);
INSERT INTO `gen_table_column` VALUES (95, '6', 'DrawBillRate', '到款(含税)', 'double(18,4)', 'BigDecimal', 'drawbillrate', '0', '0', NULL, '1', '1', '1', '1', 'EQ', 'input', '', 11, 'admin', '2020-12-25 17:12:41', '', NULL);
INSERT INTO `gen_table_column` VALUES (96, '6', 'ApplyBill', '本次申请开票金额', 'double(18,4)', 'BigDecimal', 'applybill', '0', '0', NULL, '1', '1', '1', '1', 'EQ', 'input', '', 12, 'admin', '2020-12-25 17:12:41', '', NULL);
INSERT INTO `gen_table_column` VALUES (97, '6', 'RecieveDate', '预计到款时间', 'date', 'Date', 'recievedate', '0', '0', NULL, '1', '1', '1', '1', 'EQ', 'datetime', '', 13, 'admin', '2020-12-25 17:12:41', '', NULL);
INSERT INTO `gen_table_column` VALUES (98, '6', 'Remark', '备注', 'text', 'String', 'remark', '0', '0', NULL, '1', '1', '1', '1', 'EQ', 'input', '', 14, 'admin', '2020-12-25 17:12:41', '', NULL);
INSERT INTO `gen_table_column` VALUES (99, '6', 'CustomerName', '客户名称', 'varchar(250)', 'String', 'customername', '0', '0', NULL, '1', '1', '1', '1', 'LIKE', 'input', '', 15, 'admin', '2020-12-25 17:12:41', '', NULL);
INSERT INTO `gen_table_column` VALUES (100, '6', 'CustomerAddress', '客户地址', 'varchar(50)', 'String', 'customeraddress', '0', '0', NULL, '1', '1', '1', '1', 'EQ', 'input', '', 16, 'admin', '2020-12-25 17:12:41', '', NULL);
INSERT INTO `gen_table_column` VALUES (101, '6', 'CustomerPhone', '客户联系电话', 'varchar(250)', 'String', 'customerphone', '0', '0', NULL, '1', '1', '1', '1', 'EQ', 'input', '', 17, 'admin', '2020-12-25 17:12:41', '', NULL);
INSERT INTO `gen_table_column` VALUES (102, '6', 'TaxpayerNo', '纳税人识别号', 'varchar(100)', 'String', 'taxpayerno', '0', '0', NULL, '1', '1', '1', '1', 'EQ', 'input', '', 18, 'admin', '2020-12-25 17:12:41', '', NULL);
INSERT INTO `gen_table_column` VALUES (103, '6', 'BankAccount', '银行账号', 'varchar(100)', 'String', 'bankaccount', '0', '0', NULL, '1', '1', '1', '1', 'EQ', 'input', '', 19, 'admin', '2020-12-25 17:12:41', '', NULL);
INSERT INTO `gen_table_column` VALUES (104, '6', 'OpeningBank', '开户行', 'varchar(100)', 'String', 'openingbank', '0', '0', NULL, '1', '1', '1', '1', 'EQ', 'input', '', 20, 'admin', '2020-12-25 17:12:41', '', NULL);
INSERT INTO `gen_table_column` VALUES (105, '6', 'Split1', '1分割部门', 'varchar(50)', 'String', 'split1', '0', '0', NULL, '1', '1', '1', '1', 'EQ', 'input', '', 21, 'admin', '2020-12-25 17:12:41', '', NULL);
INSERT INTO `gen_table_column` VALUES (106, '6', 'Split1Money', '1分割金额', 'double(18,4)', 'BigDecimal', 'split1money', '0', '0', NULL, '1', '1', '1', '1', 'EQ', 'input', '', 22, 'admin', '2020-12-25 17:12:41', '', NULL);
INSERT INTO `gen_table_column` VALUES (107, '6', 'Split1ProjectNo', '1项目编号', 'varchar(50)', 'String', 'split1projectno', '0', '0', NULL, '1', '1', '1', '1', 'EQ', 'input', '', 23, 'admin', '2020-12-25 17:12:41', '', NULL);
INSERT INTO `gen_table_column` VALUES (108, '6', 'Split2', '2分割部门', 'varchar(50)', 'String', 'split2', '0', '0', NULL, '1', '1', '1', '1', 'EQ', 'input', '', 24, 'admin', '2020-12-25 17:12:41', '', NULL);
INSERT INTO `gen_table_column` VALUES (109, '6', 'Split2Money', '2分割金额', 'double(18,4)', 'BigDecimal', 'split2money', '0', '0', NULL, '1', '1', '1', '1', 'EQ', 'input', '', 25, 'admin', '2020-12-25 17:12:41', '', NULL);
INSERT INTO `gen_table_column` VALUES (110, '6', 'Split2ProjectNo', '2项目编号', 'varchar(50)', 'String', 'split2projectno', '0', '0', NULL, '1', '1', '1', '1', 'EQ', 'input', '', 26, 'admin', '2020-12-25 17:12:41', '', NULL);
INSERT INTO `gen_table_column` VALUES (111, '6', 'Split3', '3分割部门', 'varchar(50)', 'String', 'split3', '0', '0', NULL, '1', '1', '1', '1', 'EQ', 'input', '', 27, 'admin', '2020-12-25 17:12:41', '', NULL);
INSERT INTO `gen_table_column` VALUES (112, '6', 'Split3Money', '3分割金额', 'double(18,4)', 'BigDecimal', 'split3money', '0', '0', NULL, '1', '1', '1', '1', 'EQ', 'input', '', 28, 'admin', '2020-12-25 17:12:41', '', NULL);
INSERT INTO `gen_table_column` VALUES (113, '6', 'Split3ProjectNo', '3项目编号', 'varchar(50)', 'String', 'split3projectno', '0', '0', NULL, '1', '1', '1', '1', 'EQ', 'input', '', 29, 'admin', '2020-12-25 17:12:41', '', NULL);
INSERT INTO `gen_table_column` VALUES (114, '6', 'Split4', '4分割部门', 'varchar(50)', 'String', 'split4', '0', '0', NULL, '1', '1', '1', '1', 'EQ', 'input', '', 30, 'admin', '2020-12-25 17:12:41', '', NULL);
INSERT INTO `gen_table_column` VALUES (115, '6', 'Split4Money', '4分割金额', 'double(18,4)', 'BigDecimal', 'split4money', '0', '0', NULL, '1', '1', '1', '1', 'EQ', 'input', '', 31, 'admin', '2020-12-25 17:12:41', '', NULL);
INSERT INTO `gen_table_column` VALUES (116, '6', 'Split4ProjectNo', '4项目编号', 'varchar(50)', 'String', 'split4projectno', '0', '0', NULL, '1', '1', '1', '1', 'EQ', 'input', '', 32, 'admin', '2020-12-25 17:12:41', '', NULL);
INSERT INTO `gen_table_column` VALUES (117, '6', 'Applier', '发起人', 'int(11)', 'Long', 'applier', '0', '0', NULL, '1', '1', '1', '1', 'EQ', 'input', '', 33, 'admin', '2020-12-25 17:12:41', '', NULL);
INSERT INTO `gen_table_column` VALUES (118, '6', 'ApplierDepartment', '发起人部门', 'int(11)', 'Long', 'applierdepartment', '0', '0', NULL, '1', '1', '1', '1', 'EQ', 'input', '', 34, 'admin', '2020-12-25 17:12:41', '', NULL);
INSERT INTO `gen_table_column` VALUES (119, '6', 'ApplierDepartmentName', '发起人部门', 'varchar(50)', 'String', 'applierdepartmentname', '0', '0', NULL, '1', '1', '1', '1', 'LIKE', 'input', '', 35, 'admin', '2020-12-25 17:12:41', '', NULL);
INSERT INTO `gen_table_column` VALUES (120, '6', 'AppllyDate', '日期', 'date', 'Date', 'appllydate', '0', '0', NULL, '1', '1', '1', '1', 'EQ', 'datetime', '', 36, 'admin', '2020-12-25 17:12:41', '', NULL);
INSERT INTO `gen_table_column` VALUES (121, '6', 'InvoiceNO', '发票编号', 'varchar(100)', 'String', 'invoiceno', '0', '0', NULL, '1', '1', '1', '1', 'EQ', 'input', '', 37, 'admin', '2020-12-25 17:12:41', '', NULL);
INSERT INTO `gen_table_column` VALUES (122, '6', 'InvoiceMember', '开票人', 'varchar(50)', 'String', 'invoicemember', '0', '0', NULL, '1', '1', '1', '1', 'EQ', 'input', '', 38, 'admin', '2020-12-25 17:12:41', '', NULL);
INSERT INTO `gen_table_column` VALUES (123, '6', 'InvoiceDate', '开票日期', 'date', 'Date', 'invoicedate', '0', '0', NULL, '1', '1', '1', '1', 'EQ', 'datetime', '', 39, 'admin', '2020-12-25 17:12:41', '', NULL);
INSERT INTO `gen_table_column` VALUES (124, '6', 'contractid', '合同id', 'int(11)', 'Long', 'contractid', '0', '0', NULL, '1', '1', '1', '1', 'EQ', 'input', '', 40, 'admin', '2020-12-25 17:12:41', '', NULL);
INSERT INTO `gen_table_column` VALUES (125, '6', 'applier_name', '应用者', 'varchar(255)', 'String', 'applierName', '0', '0', NULL, '1', '1', '1', '1', 'LIKE', 'input', '', 41, 'admin', '2020-12-25 17:12:41', '', NULL);
INSERT INTO `gen_table_column` VALUES (126, '6', 'lastAmount', '最终金额', 'double', 'Long', 'lastamount', '0', '0', NULL, '1', '1', '1', '1', 'EQ', 'input', '', 42, 'admin', '2020-12-25 17:12:41', '', NULL);
INSERT INTO `gen_table_column` VALUES (127, '6', 'del_flag', '删除标志（0代表存在 2代表删除）', 'char(2)', 'String', 'delFlag', '0', '0', NULL, '1', NULL, NULL, NULL, 'EQ', 'input', '', 43, 'admin', '2020-12-25 17:12:41', '', NULL);
INSERT INTO `gen_table_column` VALUES (128, '6', 'create_by', '创建者', 'varchar(64)', 'String', 'createBy', '0', '0', NULL, '1', NULL, NULL, NULL, 'EQ', 'input', '', 44, 'admin', '2020-12-25 17:12:41', '', NULL);
INSERT INTO `gen_table_column` VALUES (129, '6', 'create_time', '创建时间', 'datetime', 'Date', 'createTime', '0', '0', NULL, '1', NULL, NULL, NULL, 'EQ', 'datetime', '', 45, 'admin', '2020-12-25 17:12:41', '', NULL);
INSERT INTO `gen_table_column` VALUES (130, '6', 'update_by', '更新者', 'varchar(64)', 'String', 'updateBy', '0', '0', NULL, '1', '1', NULL, NULL, 'EQ', 'input', '', 46, 'admin', '2020-12-25 17:12:41', '', NULL);
INSERT INTO `gen_table_column` VALUES (131, '6', 'update_time', '更新时间', 'datetime', 'Date', 'updateTime', '0', '0', NULL, '1', '1', NULL, NULL, 'EQ', 'datetime', '', 47, 'admin', '2020-12-25 17:12:41', '', NULL);
INSERT INTO `gen_table_column` VALUES (132, '6', 'sign_time', '签订时间', 'datetime', 'Date', 'signTime', '0', '0', NULL, '1', '1', '1', '1', 'EQ', 'datetime', '', 48, 'admin', '2020-12-25 17:12:41', '', NULL);
INSERT INTO `gen_table_column` VALUES (133, '6', 'is_archive', '是否到款', 'varchar(255)', 'String', 'isArchive', '0', '0', NULL, '1', '1', '1', '1', 'EQ', 'input', '', 49, 'admin', '2020-12-25 17:12:41', '', NULL);
INSERT INTO `gen_table_column` VALUES (134, '7', 'id', '主键ID', 'int(4)', 'Integer', 'id', '1', '1', NULL, '1', NULL, NULL, NULL, 'EQ', 'input', '', 1, 'admin', '2020-12-25 17:13:10', '', NULL);
INSERT INTO `gen_table_column` VALUES (135, '7', 'del_Flag', '状态（0正常 1关闭）', 'varchar(2)', 'String', 'delFlag', '0', '0', NULL, '1', '1', '1', '1', 'EQ', 'input', '', 2, 'admin', '2020-12-25 17:13:10', '', NULL);
INSERT INTO `gen_table_column` VALUES (136, '7', 'create_by', '创建者', 'varchar(64)', 'String', 'createBy', '0', '0', NULL, '1', NULL, NULL, NULL, 'EQ', 'input', '', 3, 'admin', '2020-12-25 17:13:10', '', NULL);
INSERT INTO `gen_table_column` VALUES (137, '7', 'create_time', '创建时间', 'datetime', 'Date', 'createTime', '0', '0', NULL, '1', NULL, NULL, NULL, 'EQ', 'datetime', '', 4, 'admin', '2020-12-25 17:13:10', '', NULL);
INSERT INTO `gen_table_column` VALUES (138, '7', 'update_by', '更新者', 'varchar(64)', 'String', 'updateBy', '0', '0', NULL, '1', '1', NULL, NULL, 'EQ', 'input', '', 5, 'admin', '2020-12-25 17:13:10', '', NULL);
INSERT INTO `gen_table_column` VALUES (139, '7', 'update_time', '更新时间', 'datetime', 'Date', 'updateTime', '0', '0', NULL, '1', '1', NULL, NULL, 'EQ', 'datetime', '', 6, 'admin', '2020-12-25 17:13:10', '', NULL);
INSERT INTO `gen_table_column` VALUES (140, '7', 'project_name', '项目名称', 'varchar(255)', 'String', 'projectName', '0', '0', NULL, '1', '1', '1', '1', 'LIKE', 'input', '', 7, 'admin', '2020-12-25 17:13:10', '', NULL);
INSERT INTO `gen_table_column` VALUES (141, '7', 'intention_unit', '意向单位', 'varchar(255)', 'String', 'intentionUnit', '0', '0', NULL, '1', '1', '1', '1', 'EQ', 'input', '', 8, 'admin', '2020-12-25 17:13:10', '', NULL);
INSERT INTO `gen_table_column` VALUES (142, '7', 'project_source', '项目来源', 'varchar(255)', 'String', 'projectSource', '0', '0', NULL, '1', '1', '1', '1', 'EQ', 'input', '', 9, 'admin', '2020-12-25 17:13:10', '', NULL);
INSERT INTO `gen_table_column` VALUES (143, '7', 'Estimate_cost', '预估合同费用', 'double(12,4)', 'BigDecimal', 'estimateCost', '0', '0', NULL, '1', '1', '1', '1', 'EQ', 'input', '', 10, 'admin', '2020-12-25 17:13:10', '', NULL);
INSERT INTO `gen_table_column` VALUES (144, '7', 'Intended_contact_time', '意向接触时间', 'date', 'Date', 'intendedContactTime', '0', '0', NULL, '1', '1', '1', '1', 'EQ', 'datetime', '', 11, 'admin', '2020-12-25 17:13:10', '', NULL);
INSERT INTO `gen_table_column` VALUES (145, '7', 'Substantive_negotiation_time', '实质性洽谈时间', 'date', 'Date', 'substantiveNegotiationTime', '0', '0', NULL, '1', '1', '1', '1', 'EQ', 'datetime', '', 12, 'admin', '2020-12-25 17:13:10', '', NULL);
INSERT INTO `gen_table_column` VALUES (146, '7', 'Estimate_sign_time', '预估合同签订时间', 'date', 'Date', 'estimateSignTime', '0', '0', NULL, '1', '1', '1', '1', 'EQ', 'datetime', '', 13, 'admin', '2020-12-25 17:13:10', '', NULL);
INSERT INTO `gen_table_column` VALUES (147, '7', 'Current_project_status', '当前项目状态', 'varchar(255)', 'String', 'currentProjectStatus', '0', '0', NULL, '1', '1', '1', '1', 'EQ', 'radio', '', 14, 'admin', '2020-12-25 17:13:10', '', NULL);
INSERT INTO `gen_table_column` VALUES (148, '7', 'project_status', '项目状态', 'varchar(2)', 'String', 'projectStatus', '0', '0', NULL, '1', '1', '1', '1', 'EQ', 'radio', '', 15, 'admin', '2020-12-25 17:13:10', '', NULL);
INSERT INTO `gen_table_column` VALUES (149, '7', 'sign_time', '审核结束时间', 'date', 'Date', 'signTime', '0', '0', NULL, '1', '1', '1', '1', 'EQ', 'datetime', '', 16, 'admin', '2020-12-25 17:13:10', '', NULL);
INSERT INTO `gen_table_column` VALUES (150, '7', 'intended_personnel', '意向单位对接人员', 'varchar(255)', 'String', 'intendedPersonnel', '0', '0', NULL, '1', '1', '1', '1', 'EQ', 'input', '', 17, 'admin', '2020-12-25 17:13:10', '', NULL);
INSERT INTO `gen_table_column` VALUES (151, '7', 'Our_personnel', '我方对接人员', 'varchar(255)', 'String', 'ourPersonnel', '0', '0', NULL, '1', '1', '1', '1', 'EQ', 'input', '', 18, 'admin', '2020-12-25 17:13:10', '', NULL);
INSERT INTO `gen_table_column` VALUES (152, '7', 'intended_post', '意向单位职别', 'varchar(255)', 'String', 'intendedPost', '0', '0', NULL, '1', '1', '1', '1', 'EQ', 'input', '', 19, 'admin', '2020-12-25 17:13:10', '', NULL);
INSERT INTO `gen_table_column` VALUES (153, '7', 'intended_phone', '意向单位电话', 'varchar(255)', 'String', 'intendedPhone', '0', '0', NULL, '1', '1', '1', '1', 'EQ', 'input', '', 20, 'admin', '2020-12-25 17:13:10', '', NULL);
INSERT INTO `gen_table_column` VALUES (154, '7', 'Our_phone', '我方电话', 'varchar(255)', 'String', 'ourPhone', '0', '0', NULL, '1', '1', '1', '1', 'EQ', 'input', '', 21, 'admin', '2020-12-25 17:13:10', '', NULL);
INSERT INTO `gen_table_column` VALUES (155, '7', 'our_dept', '我方部门', 'varchar(255)', 'String', 'ourDept', '0', '0', NULL, '1', '1', '1', '1', 'EQ', 'input', '', 22, 'admin', '2020-12-25 17:13:10', '', NULL);
INSERT INTO `gen_table_column` VALUES (156, '7', 'project_overview', '项目概况', 'varchar(255)', 'String', 'projectOverview', '0', '0', NULL, '1', '1', '1', '1', 'EQ', 'input', '', 23, 'admin', '2020-12-25 17:13:10', '', NULL);
INSERT INTO `gen_table_column` VALUES (157, '7', 'remark', '备注', 'varchar(255)', 'String', 'remark', '0', '0', NULL, '1', '1', '1', NULL, 'EQ', 'input', '', 24, 'admin', '2020-12-25 17:13:10', '', NULL);
INSERT INTO `gen_table_column` VALUES (158, '8', 'Id', NULL, 'int(20)', 'Long', 'id', '1', '1', NULL, '1', NULL, NULL, NULL, 'EQ', 'input', '', 1, 'admin', '2020-12-28 17:16:16', '', NULL);
INSERT INTO `gen_table_column` VALUES (159, '8', 'WeiTuoFang', NULL, 'varchar(150)', 'String', 'weituofang', '0', '0', NULL, '1', '1', '1', '1', 'EQ', 'input', '', 2, 'admin', '2020-12-28 17:16:16', '', NULL);
INSERT INTO `gen_table_column` VALUES (160, '8', 'Address', NULL, 'varchar(200)', 'String', 'address', '0', '0', NULL, '1', '1', '1', '1', 'EQ', 'input', '', 3, 'admin', '2020-12-28 17:16:16', '', NULL);
INSERT INTO `gen_table_column` VALUES (161, '8', 'MeetDate', NULL, 'date', 'Date', 'meetdate', '0', '0', NULL, '1', '1', '1', '1', 'EQ', 'datetime', '', 4, 'admin', '2020-12-28 17:16:16', '', NULL);
INSERT INTO `gen_table_column` VALUES (162, '8', 'Way', NULL, 'varchar(50)', 'String', 'way', '0', '0', NULL, '1', '1', '1', '1', 'EQ', 'input', '', 5, 'admin', '2020-12-28 17:16:16', '', NULL);
INSERT INTO `gen_table_column` VALUES (163, '8', 'ProjectName', NULL, 'varchar(50)', 'String', 'projectname', '0', '0', NULL, '1', '1', '1', '1', 'LIKE', 'input', '', 6, 'admin', '2020-12-28 17:16:16', '', NULL);
INSERT INTO `gen_table_column` VALUES (164, '8', 'ProjectStatus', NULL, 'varchar(50)', 'String', 'projectstatus', '0', '0', NULL, '1', '1', '1', '1', 'EQ', 'radio', '', 7, 'admin', '2020-12-28 17:16:16', '', NULL);
INSERT INTO `gen_table_column` VALUES (165, '8', 'ProjectRequirement', NULL, 'varchar(150)', 'String', 'projectrequirement', '0', '0', NULL, '1', '1', '1', '1', 'EQ', 'input', '', 8, 'admin', '2020-12-28 17:16:16', '', NULL);
INSERT INTO `gen_table_column` VALUES (166, '8', 'AskForFinishDate', NULL, 'date', 'Date', 'askforfinishdate', '0', '0', NULL, '1', '1', '1', '1', 'EQ', 'datetime', '', 9, 'admin', '2020-12-28 17:16:16', '', NULL);
INSERT INTO `gen_table_column` VALUES (167, '8', 'ContractDate', NULL, 'date', 'Date', 'contractdate', '0', '0', NULL, '1', '1', '1', '1', 'EQ', 'datetime', '', 10, 'admin', '2020-12-28 17:16:16', '', NULL);
INSERT INTO `gen_table_column` VALUES (168, '8', 'WeiTuoLinkMan', NULL, 'varchar(50)', 'String', 'weituolinkman', '0', '0', NULL, '1', '1', '1', '1', 'EQ', 'input', '', 11, 'admin', '2020-12-28 17:16:16', '', NULL);
INSERT INTO `gen_table_column` VALUES (169, '8', 'WeiTuoLinkPhone', NULL, 'varchar(50)', 'String', 'weituolinkphone', '0', '0', NULL, '1', '1', '1', '1', 'EQ', 'input', '', 12, 'admin', '2020-12-28 17:16:16', '', NULL);
INSERT INTO `gen_table_column` VALUES (170, '8', 'NoContractReason', NULL, 'varchar(200)', 'String', 'nocontractreason', '0', '0', NULL, '1', '1', '1', '1', 'EQ', 'input', '', 13, 'admin', '2020-12-28 17:16:16', '', NULL);
INSERT INTO `gen_table_column` VALUES (171, '8', 'EstimatedMoney', NULL, 'double(19,4)', 'BigDecimal', 'estimatedmoney', '0', '0', NULL, '1', '1', '1', '1', 'EQ', 'input', '', 14, 'admin', '2020-12-28 17:16:16', '', NULL);
INSERT INTO `gen_table_column` VALUES (172, '8', 'Remark', NULL, 'varchar(200)', 'String', 'remark', '0', '0', NULL, '1', '1', '1', '1', 'EQ', 'input', '', 15, 'admin', '2020-12-28 17:16:16', '', NULL);
INSERT INTO `gen_table_column` VALUES (173, '8', 'ProjectOwnerPoint', NULL, 'varchar(200)', 'String', 'projectownerpoint', '0', '0', NULL, '1', '1', '1', '1', 'EQ', 'input', '', 16, 'admin', '2020-12-28 17:16:16', '', NULL);
INSERT INTO `gen_table_column` VALUES (174, '8', 'ProjectOwnerSigner', NULL, 'int(20) unsigned zerofill', 'Long', 'projectownersigner', '0', '0', NULL, '1', '1', '1', '1', 'EQ', 'input', '', 17, 'admin', '2020-12-28 17:16:16', '', NULL);
INSERT INTO `gen_table_column` VALUES (175, '8', 'ProjectOwnerSignerDate', NULL, 'date', 'Date', 'projectownersignerdate', '0', '0', NULL, '1', '1', '1', '1', 'EQ', 'datetime', '', 18, 'admin', '2020-12-28 17:16:16', '', NULL);
INSERT INTO `gen_table_column` VALUES (176, '8', 'ProjectDepPoint', NULL, 'varchar(200)', 'String', 'projectdeppoint', '0', '0', NULL, '1', '1', '1', '1', 'EQ', 'input', '', 19, 'admin', '2020-12-28 17:16:16', '', NULL);
INSERT INTO `gen_table_column` VALUES (177, '8', 'ProjectDepSigner', NULL, 'int(20)', 'Long', 'projectdepsigner', '0', '0', NULL, '1', '1', '1', '1', 'EQ', 'input', '', 20, 'admin', '2020-12-28 17:16:16', '', NULL);
INSERT INTO `gen_table_column` VALUES (178, '8', 'ProjectDepSignature', NULL, 'int(20)', 'Long', 'projectdepsignature', '0', '0', NULL, '1', '1', '1', '1', 'EQ', 'input', '', 21, 'admin', '2020-12-28 17:16:16', '', NULL);
INSERT INTO `gen_table_column` VALUES (179, '8', 'ProjectDepSignerDate', NULL, 'date', 'Date', 'projectdepsignerdate', '0', '0', NULL, '1', '1', '1', '1', 'EQ', 'datetime', '', 22, 'admin', '2020-12-28 17:16:16', '', NULL);
INSERT INTO `gen_table_column` VALUES (180, '8', 'BussinessPoint', NULL, 'varchar(200)', 'String', 'bussinesspoint', '0', '0', NULL, '1', '1', '1', '1', 'EQ', 'input', '', 23, 'admin', '2020-12-28 17:16:16', '', NULL);
INSERT INTO `gen_table_column` VALUES (181, '8', 'BussinessSignature', NULL, 'int(20)', 'Long', 'bussinesssignature', '0', '0', NULL, '1', '1', '1', '1', 'EQ', 'input', '', 24, 'admin', '2020-12-28 17:16:16', '', NULL);
INSERT INTO `gen_table_column` VALUES (182, '8', 'BussinessSigner', NULL, 'int(20)', 'Long', 'bussinesssigner', '0', '0', NULL, '1', '1', '1', '1', 'EQ', 'input', '', 25, 'admin', '2020-12-28 17:16:16', '', NULL);
INSERT INTO `gen_table_column` VALUES (183, '8', 'BussinessSignerDate', NULL, 'date', 'Date', 'bussinesssignerdate', '0', '0', NULL, '1', '1', '1', '1', 'EQ', 'datetime', '', 26, 'admin', '2020-12-28 17:16:16', '', NULL);
INSERT INTO `gen_table_column` VALUES (184, '8', 'DivisionLeaderPoint', NULL, 'text', 'String', 'divisionleaderpoint', '0', '0', NULL, '1', '1', '1', '1', 'EQ', 'input', '', 27, 'admin', '2020-12-28 17:16:16', '', NULL);
INSERT INTO `gen_table_column` VALUES (185, '8', 'DivisionLeaderSigner', NULL, 'int(20)', 'Long', 'divisionleadersigner', '0', '0', NULL, '1', '1', '1', '1', 'EQ', 'input', '', 28, 'admin', '2020-12-28 17:16:16', '', NULL);
INSERT INTO `gen_table_column` VALUES (186, '8', 'DivisionLeaderDate', NULL, 'date', 'Date', 'divisionleaderdate', '0', '0', NULL, '1', '1', '1', '1', 'EQ', 'datetime', '', 29, 'admin', '2020-12-28 17:16:16', '', NULL);
INSERT INTO `gen_table_column` VALUES (187, '8', 'DeanPoint', NULL, 'text', 'String', 'deanpoint', '0', '0', NULL, '1', '1', '1', '1', 'EQ', 'input', '', 30, 'admin', '2020-12-28 17:16:16', '', NULL);
INSERT INTO `gen_table_column` VALUES (188, '8', 'DeanSigner', NULL, 'int(20)', 'Long', 'deansigner', '0', '0', NULL, '1', '1', '1', '1', 'EQ', 'input', '', 31, 'admin', '2020-12-28 17:16:16', '', NULL);
INSERT INTO `gen_table_column` VALUES (189, '8', 'DeanDate', NULL, 'date', 'Date', 'deandate', '0', '0', NULL, '1', '1', '1', '1', 'EQ', 'datetime', '', 32, 'admin', '2020-12-28 17:16:16', '', NULL);
INSERT INTO `gen_table_column` VALUES (190, '9', 'id', '公告ID', 'int(4)', 'Integer', 'id', '1', '1', NULL, '1', NULL, NULL, NULL, 'EQ', 'input', '', 1, 'admin', '2020-12-28 17:17:40', '', NULL);
INSERT INTO `gen_table_column` VALUES (191, '9', 'del_Flag', '状态（0正常 1关闭）', 'varchar(2)', 'String', 'delFlag', '0', '0', NULL, '1', '1', '1', '1', 'EQ', 'input', '', 2, 'admin', '2020-12-28 17:17:40', '', NULL);
INSERT INTO `gen_table_column` VALUES (192, '9', 'create_by', '创建者', 'varchar(64)', 'String', 'createBy', '0', '0', NULL, '1', NULL, NULL, NULL, 'EQ', 'input', '', 3, 'admin', '2020-12-28 17:17:40', '', NULL);
INSERT INTO `gen_table_column` VALUES (193, '9', 'create_time', '创建时间', 'datetime', 'Date', 'createTime', '0', '0', NULL, '1', NULL, NULL, NULL, 'EQ', 'datetime', '', 4, 'admin', '2020-12-28 17:17:40', '', NULL);
INSERT INTO `gen_table_column` VALUES (194, '9', 'update_by', '更新者', 'varchar(64)', 'String', 'updateBy', '0', '0', NULL, '1', '1', NULL, NULL, 'EQ', 'input', '', 5, 'admin', '2020-12-28 17:17:40', '', NULL);
INSERT INTO `gen_table_column` VALUES (195, '9', 'update_time', '更新时间', 'datetime', 'Date', 'updateTime', '0', '0', NULL, '1', '1', NULL, NULL, 'EQ', 'datetime', '', 6, 'admin', '2020-12-28 17:17:40', '', NULL);
INSERT INTO `gen_table_column` VALUES (196, '10', 'Id', NULL, 'int(20)', 'Long', 'id', '1', '1', NULL, '1', NULL, NULL, NULL, 'EQ', 'input', '', 1, 'admin', '2020-12-28 17:17:59', '', NULL);
INSERT INTO `gen_table_column` VALUES (197, '10', 'WeiTuoFang', NULL, 'varchar(150)', 'String', 'weituofang', '0', '0', NULL, '1', '1', '1', '1', 'EQ', 'input', '', 2, 'admin', '2020-12-28 17:17:59', '', NULL);
INSERT INTO `gen_table_column` VALUES (198, '10', 'Address', NULL, 'varchar(200)', 'String', 'address', '0', '0', NULL, '1', '1', '1', '1', 'EQ', 'input', '', 3, 'admin', '2020-12-28 17:17:59', '', NULL);
INSERT INTO `gen_table_column` VALUES (199, '10', 'MeetDate', NULL, 'date', 'Date', 'meetdate', '0', '0', NULL, '1', '1', '1', '1', 'EQ', 'datetime', '', 4, 'admin', '2020-12-28 17:17:59', '', NULL);
INSERT INTO `gen_table_column` VALUES (200, '10', 'Way', NULL, 'varchar(50)', 'String', 'way', '0', '0', NULL, '1', '1', '1', '1', 'EQ', 'input', '', 5, 'admin', '2020-12-28 17:17:59', '', NULL);
INSERT INTO `gen_table_column` VALUES (201, '10', 'ProjectName', NULL, 'varchar(50)', 'String', 'projectname', '0', '0', NULL, '1', '1', '1', '1', 'LIKE', 'input', '', 6, 'admin', '2020-12-28 17:17:59', '', NULL);
INSERT INTO `gen_table_column` VALUES (202, '10', 'ProjectStatus', NULL, 'varchar(50)', 'String', 'projectstatus', '0', '0', NULL, '1', '1', '1', '1', 'EQ', 'radio', '', 7, 'admin', '2020-12-28 17:17:59', '', NULL);
INSERT INTO `gen_table_column` VALUES (203, '10', 'ProjectRequirement', NULL, 'varchar(150)', 'String', 'projectrequirement', '0', '0', NULL, '1', '1', '1', '1', 'EQ', 'input', '', 8, 'admin', '2020-12-28 17:17:59', '', NULL);
INSERT INTO `gen_table_column` VALUES (204, '10', 'AskForFinishDate', NULL, 'date', 'Date', 'askforfinishdate', '0', '0', NULL, '1', '1', '1', '1', 'EQ', 'datetime', '', 9, 'admin', '2020-12-28 17:17:59', '', NULL);
INSERT INTO `gen_table_column` VALUES (205, '10', 'ContractDate', NULL, 'date', 'Date', 'contractdate', '0', '0', NULL, '1', '1', '1', '1', 'EQ', 'datetime', '', 10, 'admin', '2020-12-28 17:17:59', '', NULL);
INSERT INTO `gen_table_column` VALUES (206, '10', 'WeiTuoLinkMan', NULL, 'varchar(50)', 'String', 'weituolinkman', '0', '0', NULL, '1', '1', '1', '1', 'EQ', 'input', '', 11, 'admin', '2020-12-28 17:17:59', '', NULL);
INSERT INTO `gen_table_column` VALUES (207, '10', 'WeiTuoLinkPhone', NULL, 'varchar(50)', 'String', 'weituolinkphone', '0', '0', NULL, '1', '1', '1', '1', 'EQ', 'input', '', 12, 'admin', '2020-12-28 17:17:59', '', NULL);
INSERT INTO `gen_table_column` VALUES (208, '10', 'NoContractReason', NULL, 'varchar(200)', 'String', 'nocontractreason', '0', '0', NULL, '1', '1', '1', '1', 'EQ', 'input', '', 13, 'admin', '2020-12-28 17:17:59', '', NULL);
INSERT INTO `gen_table_column` VALUES (209, '10', 'EstimatedMoney', NULL, 'double(19,4)', 'BigDecimal', 'estimatedmoney', '0', '0', NULL, '1', '1', '1', '1', 'EQ', 'input', '', 14, 'admin', '2020-12-28 17:17:59', '', NULL);
INSERT INTO `gen_table_column` VALUES (210, '10', 'Remark', NULL, 'varchar(200)', 'String', 'remark', '0', '0', NULL, '1', '1', '1', '1', 'EQ', 'input', '', 15, 'admin', '2020-12-28 17:17:59', '', NULL);
INSERT INTO `gen_table_column` VALUES (211, '10', 'ProjectOwnerPoint', NULL, 'varchar(200)', 'String', 'projectownerpoint', '0', '0', NULL, '1', '1', '1', '1', 'EQ', 'input', '', 16, 'admin', '2020-12-28 17:17:59', '', NULL);
INSERT INTO `gen_table_column` VALUES (212, '10', 'ProjectOwnerSigner', NULL, 'int(20) unsigned zerofill', 'Long', 'projectownersigner', '0', '0', NULL, '1', '1', '1', '1', 'EQ', 'input', '', 17, 'admin', '2020-12-28 17:17:59', '', NULL);
INSERT INTO `gen_table_column` VALUES (213, '10', 'ProjectOwnerSignerDate', NULL, 'date', 'Date', 'projectownersignerdate', '0', '0', NULL, '1', '1', '1', '1', 'EQ', 'datetime', '', 18, 'admin', '2020-12-28 17:17:59', '', NULL);
INSERT INTO `gen_table_column` VALUES (214, '10', 'ProjectDepPoint', NULL, 'varchar(200)', 'String', 'projectdeppoint', '0', '0', NULL, '1', '1', '1', '1', 'EQ', 'input', '', 19, 'admin', '2020-12-28 17:17:59', '', NULL);
INSERT INTO `gen_table_column` VALUES (215, '10', 'ProjectDepSigner', NULL, 'int(20)', 'Long', 'projectdepsigner', '0', '0', NULL, '1', '1', '1', '1', 'EQ', 'input', '', 20, 'admin', '2020-12-28 17:17:59', '', NULL);
INSERT INTO `gen_table_column` VALUES (216, '10', 'ProjectDepSignature', NULL, 'int(20)', 'Long', 'projectdepsignature', '0', '0', NULL, '1', '1', '1', '1', 'EQ', 'input', '', 21, 'admin', '2020-12-28 17:17:59', '', NULL);
INSERT INTO `gen_table_column` VALUES (217, '10', 'ProjectDepSignerDate', NULL, 'date', 'Date', 'projectdepsignerdate', '0', '0', NULL, '1', '1', '1', '1', 'EQ', 'datetime', '', 22, 'admin', '2020-12-28 17:17:59', '', NULL);
INSERT INTO `gen_table_column` VALUES (218, '10', 'BussinessPoint', NULL, 'varchar(200)', 'String', 'bussinesspoint', '0', '0', NULL, '1', '1', '1', '1', 'EQ', 'input', '', 23, 'admin', '2020-12-28 17:17:59', '', NULL);
INSERT INTO `gen_table_column` VALUES (219, '10', 'BussinessSignature', NULL, 'int(20)', 'Long', 'bussinesssignature', '0', '0', NULL, '1', '1', '1', '1', 'EQ', 'input', '', 24, 'admin', '2020-12-28 17:17:59', '', NULL);
INSERT INTO `gen_table_column` VALUES (220, '10', 'BussinessSigner', NULL, 'int(20)', 'Long', 'bussinesssigner', '0', '0', NULL, '1', '1', '1', '1', 'EQ', 'input', '', 25, 'admin', '2020-12-28 17:17:59', '', NULL);
INSERT INTO `gen_table_column` VALUES (221, '10', 'BussinessSignerDate', NULL, 'date', 'Date', 'bussinesssignerdate', '0', '0', NULL, '1', '1', '1', '1', 'EQ', 'datetime', '', 26, 'admin', '2020-12-28 17:17:59', '', NULL);
INSERT INTO `gen_table_column` VALUES (222, '10', 'DivisionLeaderPoint', NULL, 'text', 'String', 'divisionleaderpoint', '0', '0', NULL, '1', '1', '1', '1', 'EQ', 'input', '', 27, 'admin', '2020-12-28 17:17:59', '', NULL);
INSERT INTO `gen_table_column` VALUES (223, '10', 'DivisionLeaderSigner', NULL, 'int(20)', 'Long', 'divisionleadersigner', '0', '0', NULL, '1', '1', '1', '1', 'EQ', 'input', '', 28, 'admin', '2020-12-28 17:17:59', '', NULL);
INSERT INTO `gen_table_column` VALUES (224, '10', 'DivisionLeaderDate', NULL, 'date', 'Date', 'divisionleaderdate', '0', '0', NULL, '1', '1', '1', '1', 'EQ', 'datetime', '', 29, 'admin', '2020-12-28 17:17:59', '', NULL);
INSERT INTO `gen_table_column` VALUES (225, '10', 'DeanPoint', NULL, 'text', 'String', 'deanpoint', '0', '0', NULL, '1', '1', '1', '1', 'EQ', 'input', '', 30, 'admin', '2020-12-28 17:17:59', '', NULL);
INSERT INTO `gen_table_column` VALUES (226, '10', 'DeanSigner', NULL, 'int(20)', 'Long', 'deansigner', '0', '0', NULL, '1', '1', '1', '1', 'EQ', 'input', '', 31, 'admin', '2020-12-28 17:17:59', '', NULL);
INSERT INTO `gen_table_column` VALUES (227, '10', 'DeanDate', NULL, 'date', 'Date', 'deandate', '0', '0', NULL, '1', '1', '1', '1', 'EQ', 'datetime', '', 32, 'admin', '2020-12-28 17:17:59', '', NULL);

-- ----------------------------
-- Table structure for gen_template
-- ----------------------------
DROP TABLE IF EXISTS `gen_template`;
CREATE TABLE `gen_template`  (
  `id` int(32) NOT NULL AUTO_INCREMENT COMMENT '主键',
  `name` varchar(32) CHARACTER SET utf8 COLLATE utf8_general_ci NOT NULL COMMENT '模板名称',
  `file_Name` varchar(32) CHARACTER SET utf8 COLLATE utf8_general_ci NULL DEFAULT NULL COMMENT '文件名称',
  `target_package` varchar(500) CHARACTER SET utf8 COLLATE utf8_general_ci NULL DEFAULT NULL COMMENT '目标包路径',
  `template_content` text CHARACTER SET utf8 COLLATE utf8_general_ci NOT NULL COMMENT '模板内容',
  `scheme_id` int(32) NULL DEFAULT NULL COMMENT '方案ID',
  `del_flag` char(1) CHARACTER SET utf8 COLLATE utf8_general_ci NULL DEFAULT '0' COMMENT '删除标志（0代表存在 2代表删除）',
  `create_by` varchar(64) CHARACTER SET utf8 COLLATE utf8_general_ci NULL DEFAULT NULL COMMENT '创建者',
  `create_time` datetime(0) NULL DEFAULT NULL COMMENT '创建时间',
  `update_by` varchar(64) CHARACTER SET utf8 COLLATE utf8_general_ci NULL DEFAULT NULL COMMENT '更新者',
  `update_time` datetime(0) NULL DEFAULT NULL COMMENT '更新时间',
  `template_type` varchar(2) CHARACTER SET utf8 COLLATE utf8_general_ci NULL DEFAULT NULL COMMENT '模板类型',
  PRIMARY KEY (`id`) USING BTREE
) ENGINE = InnoDB AUTO_INCREMENT = 40 CHARACTER SET = utf8 COLLATE = utf8_general_ci COMMENT = '代码生成模板管理' ROW_FORMAT = Dynamic;

-- ----------------------------
-- Records of gen_template
-- ----------------------------
INSERT INTO `gen_template` VALUES (22, 'service', 'I{}Service', 'service', 'package ${packageName}.service;\n\nimport java.util.List;\nimport ${packageName}.domain.${ClassName};\nimport com.common.zrd.mapper.base.IBaseService;\nimport ${packageName}.domain.entity.${ClassName}Entity;\n/**\n * ${functionName}Service接口\n *\n * @author ${author}\n * @date ${datetime}\n */\npublic interface I${ClassName}Service  extends IBaseService<${ClassName}>\n{\n\n\n    /**\n     * 查询${functionName}列表\n     *\n     * @param ${className} ${functionName}\n     * @return ${functionName}集合\n     */\n    public List<${ClassName}Entity> select${ClassName}List(${ClassName}Entity ${className});\n\n\n}\n', 1, '0', 'admin', '2020-06-19 11:37:30', 'admin', '2020-07-20 15:38:24', '1');
INSERT INTO `gen_template` VALUES (23, 'domain', '{}', 'domain', 'package ${packageName}.domain;\n\n    #foreach ($import in $importList)\n    import ${import};\n    #end\nimport org.apache.commons.lang3.builder.ToStringBuilder;\nimport org.apache.commons.lang3.builder.ToStringStyle;\nimport com.ruoyi.framework.aspectj.lang.annotation.Excel;\n    #if($table.crud)\n    import com.ruoyi.framework.web.domain.BaseEntity;\n    #elseif($table.tree)\n    import com.ruoyi.framework.web.domain.TreeEntity;\n    #end\nimport io.swagger.annotations.ApiModelProperty;\nimport java.util.Date;\nimport com.alibaba.excel.annotation.ExcelProperty;\nimport com.ruoyi.framework.web.domain.BaseZrdEntity;\nimport lombok.AllArgsConstructor;\nimport lombok.Data;\nimport lombok.NoArgsConstructor;\nimport com.ruoyi.common.enums.TranslateAnnotation;\nimport javax.validation.constraints.NotBlank;\nimport javax.validation.constraints.NotNull;\nimport javax.persistence.GeneratedValue;\nimport javax.persistence.Id;\nimport java.io.Serializable;\nimport io.swagger.annotations.ApiModel;\nimport com.alibaba.excel.annotation.ExcelIgnoreUnannotated;\n/**\n * ${functionName}对象 ${tableName}\n *\n * @author ${author}\n * @date ${datetime}\n */\n#if($table.crud)\n    #set($Entity=\"BaseEntity\")\n#elseif($table.tree)\n    #set($Entity=\"TreeEntity\")\n#end\n@ApiModel(\"${functionName}\")\n@Data\n@AllArgsConstructor\n@NoArgsConstructor\n@ExcelIgnoreUnannotated\npublic class ${ClassName}  extends BaseZrdEntity implements Serializable\n        {\nprivate static final long serialVersionUID = 1L;\n\n#foreach ($column in $columns)\n#if(!$table.isSuperColumn($column.javaField))\n/** $column.columnComment */\n    #if($column.list)\n        #set($parentheseIndex=$column.columnComment.indexOf(\"（\"))\n        #if($parentheseIndex != -1)\n            #set($comment=$column.columnComment.substring(0, $parentheseIndex))\n        #else\n            #set($comment=$column.columnComment)\n        #end\n        #if($parentheseIndex != -1)\n        \n        #elseif($column.javaType == \'Date\')\n        @JsonFormat(pattern = \"yyyy-MM-dd\")\n       \n        #else\n		@ExcelProperty(\"${comment}\")\n        #end\n        #if(${column.javaField}==\'id\')\n        @Id\n        @GeneratedValue(generator = \"JDBC\")\n        #end\n        #if(${column.dictType} != \'\')\n        @TranslateAnnotation(filed = \"${column.javaField}Name}\",  distCode = \"${column.dictType}\")\n        #end\n        #if($column.isRequired)\n            #if($column.javaType==\'String\')\n            @NotBlank(message = \"请输入${comment}\")\n            #else\n            @NotNull(message = \"请输入${comment}\")\n            #end\n        #end\n    #end\n@ApiModelProperty(value = \"${comment}\"  #if($column.javaField.isRequired) , required = true  #end)\nprivate $column.javaType $column.javaField;\n\n#end\n#end\n\n\n\n}\n', 1, '0', 'admin', '2020-06-19 13:41:45', 'admin', '2020-08-28 15:21:28', '1');
INSERT INTO `gen_template` VALUES (24, 'serviceImpl', '{}ServiceImpl', 'service/impl', 'package ${packageName}.service.impl;\n\nimport java.util.List;\n    #foreach ($column in $columns)\n        #if($column.javaField == \'createTime\' || $column.javaField == \'updateTime\')\n        import com.ruoyi.common.utils.DateUtils;\n            #break\n        #end\n    #end\nimport org.springframework.beans.factory.annotation.Autowired;\nimport org.springframework.stereotype.Service;\nimport ${packageName}.mapper.${ClassName}Mapper;\nimport ${packageName}.domain.${ClassName};\nimport ${packageName}.domain.entity.${ClassName}Entity;\nimport ${packageName}.service.I${ClassName}Service;\nimport com.common.zrd.mapper.base.BaseServiceImpl;\n/**\n * ${functionName}Service业务层处理\n *\n * @author ${author}\n * @date ${datetime}\n */\n@Service\npublic class ${ClassName}ServiceImpl extends BaseServiceImpl<${ClassName}>  implements I${ClassName}Service\n{\n    @Autowired\n    private ${ClassName}Mapper ${className}Mapper;\n\n\n    /**\n     * 查询${functionName}列表\n     *\n     * @param ${className}Entity ${functionName}\n     * @return ${functionName}\n     */\n    @Override\n    public List<${ClassName}Entity> select${ClassName}List(${ClassName}Entity ${className}Entity)\n    {\n        return ${className}Mapper.select${ClassName}List(${className}Entity);\n    }\n\n\n}\n', 1, '0', 'admin', '2020-06-19 13:44:23', 'admin', '2020-07-20 15:39:13', '1');
INSERT INTO `gen_template` VALUES (25, 'Controller', '{}Controller', 'controller', 'package ${packageName}.controller;\n\nimport java.util.List;\nimport com.common.zrd.json.CommonJsonResult;\nimport com.ruoyi.common.utils.poi.ExcelUtil;\nimport com.ruoyi.framework.aspectj.lang.annotation.Log;\nimport com.ruoyi.framework.aspectj.lang.enums.BusinessType;\nimport com.ruoyi.framework.interceptor.annotation.RepeatSubmit;\nimport com.ruoyi.framework.web.controller.BaseController;\nimport com.ruoyi.framework.web.domain.AjaxResult;\nimport com.ruoyi.framework.web.page.TableDataInfo;\nimport io.swagger.annotations.Api;\nimport ${packageName}.domain.${ClassName};\nimport ${packageName}.domain.entity.${ClassName}Entity;\nimport ${packageName}.service.I${ClassName}Service;\nimport io.swagger.annotations.ApiOperation;\nimport org.springframework.beans.factory.annotation.Autowired;\nimport org.springframework.security.access.prepost.PreAuthorize;\nimport org.springframework.web.bind.annotation.*;\n\n\n\n/**\n * ${functionName}Controller\n *\n * @author ${author}\n * @date ${datetime}\n */\n@Api(tags = \"${functionName}\")\n@RestController\n@RequestMapping(\"/${moduleName}/${businessName}\")\npublic class ${ClassName}Controller extends BaseController\n{\n    @Autowired\n    private I${ClassName}Service ${className}Service;\n\n\n\n\n\n    /**\n     * 描述：查询${functionName}列表\n     * 备注：\n     * 日期： ${datetime}\n     * 作者：  ${author}\n     * @param ${className}Entity\n     * @return com.ruoyi.framework.web.page.TableDataInfo\n     **/\n    @ApiOperation(\"查询${functionName}列表\")\n    @PreAuthorize(\"@ss.hasPermi(\'${permissionPrefix}:list\')\")\n    @GetMapping(\"/list\")\n    public TableDataInfo list(${ClassName}Entity ${className}Entity) {\n        startPage();\n        List<${ClassName}Entity> list = ${className}Service.select${ClassName}List(${className}Entity);\n        return getDataTable(list, ${ClassName}Entity.class);\n    }\n\n    /**\n     * 描述：导出${functionName}列表  \n     * 备注： \n     * 日期： ${datetime}\n     * 作者：  ${author}\n     * @param ${className}\n     * @return com.common.zrd.json.CommonJsonResult\n     **/\n    @ApiOperation(\"导出${functionName}列表\")\n    @PreAuthorize(\"@ss.hasPermi(\'${permissionPrefix}:export\')\")\n    @Log(title = \"${functionName}\", businessType = BusinessType.EXPORT)\n    @GetMapping(\"/export\")\n    public CommonJsonResult export(${ClassName}Entity ${className}) {\n        List<${ClassName}Entity> list = ${className}Service.select${ClassName}List(${className});\n        String fileName = \"${functionName}\" + \"_\" + DateUtils.dateTimeNow() + \".xls\";\n        EasyExcel.write(ExcelUtil.getAbsoluteFile(fileName), ${ClassName}Entity.class).sheet(\"模板\").doWrite(list);\n        return CommonJsonResult.of(fileName);\n    }\n	\n    /**\n     * 获取${functionName}详细信息\n     */\n    @ApiOperation(\"获取${functionName}详细信息\")\n    @PreAuthorize(\"@ss.hasPermi(\'${permissionPrefix}:query\')\")\n    @GetMapping(value = \"/{${pkColumn.javaField}}\")\n    public   CommonJsonResult getInfo(@PathVariable(\"${pkColumn.javaField}\") ${pkColumn.javaType} ${pkColumn.javaField})\n    {\n        return CommonJsonResult.of(${className}Service.selectByPrimaryKey(${pkColumn.javaField}));\n    }\n\n    /**\n     * 新增${functionName}\n     */\n    @ApiOperation(\"新增${functionName}\")\n    @RepeatSubmit\n    @PreAuthorize(\"@ss.hasPermi(\'${permissionPrefix}:add\')\")\n    @Log(title = \"${functionName}\", businessType = BusinessType.INSERT)\n    @PostMapping\n    public   CommonJsonResult add(@RequestBody ${ClassName} ${className})\n    {\n            ${className}Service.insertSelective(${className});\n        return CommonJsonResult.of(${className});\n    }\n\n    /**\n     * 修改${functionName}\n     */\n    @ApiOperation(\"修改${functionName}\")\n    @RepeatSubmit\n    @PreAuthorize(\"@ss.hasPermi(\'${permissionPrefix}:edit\')\")\n    @Log(title = \"${functionName}\", businessType = BusinessType.UPDATE)\n    @PutMapping\n    public   CommonJsonResult edit(@RequestBody ${ClassName} ${className})\n    {\n            ${className}Service.updateByPrimaryKeySelective(${className});\n\n        return  CommonJsonResult.of(${className});\n    }\n\n    /**\n     * 删除${functionName}\n     */\n    @ApiOperation(\"删除${functionName}\")\n    @PreAuthorize(\"@ss.hasPermi(\'${permissionPrefix}:remove\')\")\n    @Log(title = \"${functionName}\", businessType = BusinessType.DELETE)\n    @DeleteMapping(\"/{${pkColumn.javaField}s}\")\n    public   CommonJsonResult remove(@PathVariable Long[] ${pkColumn.javaField}s)\n    {\n            ${className}Service.deleteByIds(${pkColumn.javaField}s);\n        return CommonJsonResult.empty();\n    }\n}\n', 1, '0', 'admin', '2020-06-19 13:44:54', 'admin', '2020-07-20 15:36:52', '1');
INSERT INTO `gen_template` VALUES (26, 'Mapper', '{}Mapper', 'mapper', 'package ${packageName}.mapper;\n\nimport java.util.List;\nimport ${packageName}.domain.${ClassName};\nimport com.common.zrd.mapper.base.BaseMapperZrd;\nimport ${packageName}.domain.entity.${ClassName}Entity;\n/**\n * ${functionName}Mapper接口\n *\n * @author ${author}\n * @date ${datetime}\n */\npublic interface ${ClassName}Mapper  extends BaseMapperZrd<${ClassName}>\n{\n\n    /**\n     * 查询${functionName}列表\n     *\n     * @param ${className} ${functionName}\n     * @return ${functionName}集合\n     */\n    public List<${ClassName}Entity> select${ClassName}List(${ClassName}Entity ${className});\n\n\n}\n', 1, '0', 'admin', '2020-06-19 13:45:28', 'admin', '2020-08-26 16:25:15', '1');
INSERT INTO `gen_template` VALUES (27, 'xml', '{}Mapper', NULL, '<?xml version=\"1.0\" encoding=\"UTF-8\" ?>\n<!DOCTYPE mapper\nPUBLIC \"-//mybatis.org//DTD Mapper 3.0//EN\"\n\"http://mybatis.org/dtd/mybatis-3-mapper.dtd\">\n<mapper namespace=\"${packageName}.mapper.${ClassName}Mapper\">\n    \n  \n\n    <sql id=\"select${ClassName}Vo\">\n        select#foreach($column in $columns) t.$column.columnName  $column.javaField #if($velocityCount != $columns.size()),#end#end from ${tableName} t\n    </sql>\n\n    <select id=\"select${ClassName}List\" parameterType=\"${ClassName}Entity\"    resultType=\"${ClassName}Entity\">\n        <include refid=\"select${ClassName}Vo\"/>\n        <where>  \n#foreach($column in $columns)\n#set($queryType=$column.queryType)\n#set($javaField=$column.javaField)\n#set($javaType=$column.javaType)\n#set($columnName=$column.columnName)\n#set($AttrName=$column.javaField.substring(0,1).toUpperCase() + ${column.javaField.substring(1)})\n#if($column.query)\n#if($column.queryType == \"EQ\")\n            <if test=\"$javaField != null #if($javaType == \'String\' ) and $javaField.trim() != \'\'#end\"> and t.$columnName = #{$javaField}</if>\n#elseif($queryType == \"NE\")\n            <if test=\"$javaField != null #if($javaType == \'String\' ) and $javaField.trim() != \'\'#end\"> and t.$columnName != #{$javaField}</if>\n#elseif($queryType == \"GT\")\n            <if test=\"$javaField != null #if($javaType == \'String\' ) and $javaField.trim() != \'\'#end\"> and t.$columnName &gt; #{$javaField}</if>\n#elseif($queryType == \"GTE\")\n            <if test=\"$javaField != null #if($javaType == \'String\' ) and $javaField.trim() != \'\'#end\"> and t.$columnName &gt;= #{$javaField}</if>\n#elseif($queryType == \"LT\")\n            <if test=\"$javaField != null #if($javaType == \'String\' ) and $javaField.trim() != \'\'#end\"> and t.$columnName &lt; #{$javaField}</if>\n#elseif($queryType == \"LTE\")\n            <if test=\"$javaField != null #if($javaType == \'String\' ) and $javaField.trim() != \'\'#end\"> and t.$columnName &lt;= #{$javaField}</if>\n#elseif($queryType == \"IN\")   \n        <if test=\"${javaField}Arr != null  and ${javaField}Arr.length>0  \">and t.$columnName in\n            <foreach item=\"${javaField}Item\" collection=\"${javaField}Arr\" open=\"(\" separator=\",\" close=\")\">\n                #{${javaField}Item}\n            </foreach>\n        </if>\n#elseif($queryType == \"LIKE\")\n            <if test=\"$javaField != null #if($javaType == \'String\' ) and $javaField.trim() != \'\'#end\"> and t.$columnName like concat(\'%\', #{$javaField}, \'%\')</if>\n#elseif($queryType == \"BETWEEN\")\n            <if test=\"params.begin$AttrName != null and params.begin$AttrName != \'\' and params.end$AttrName != null and params.end$AttrName != \'\'\"> and t.$columnName between #{params.begin$AttrName} and #{params.end$AttrName}</if>\n#end\n#end\n#end\n        </where>\n    </select>\n\n\n</mapper>', 1, '0', 'admin', '2020-06-19 13:46:44', 'admin', '2020-09-23 17:50:02', '2');
INSERT INTO `gen_template` VALUES (28, 'JS', '{}', NULL, 'import request from \'@/utils/request\'\n\n// 查询${functionName}列表\nexport function list${BusinessName}(query) {\n  return request({\n    url: \'/${moduleName}/${businessName}/list\',\n    method: \'get\',\n    params: query\n  })\n}\n\n// 查询${functionName}详细\nexport function get${BusinessName}(${pkColumn.javaField}) {\n  return request({\n    url: \'/${moduleName}/${businessName}/\' + ${pkColumn.javaField},\n    method: \'get\'\n  })\n}\n\n// 新增${functionName}\nexport function add${BusinessName}(data) {\n  return request({\n    url: \'/${moduleName}/${businessName}\',\n    method: \'post\',\n    data: data\n  })\n}\n\n// 修改${functionName}\nexport function update${BusinessName}(data) {\n  return request({\n    url: \'/${moduleName}/${businessName}\',\n    method: \'put\',\n    data: data\n  })\n}\n\n// 删除${functionName}\nexport function del${BusinessName}(${pkColumn.javaField}) {\n  return request({\n    url: \'/${moduleName}/${businessName}/\' + ${pkColumn.javaField},\n    method: \'delete\'\n  })\n}\n\n// 导出${functionName}\nexport function export${BusinessName}(query) {\n  return request({\n    url: \'/${moduleName}/${businessName}/export\',\n    method: \'get\',\n    params: query\n  })\n}', 1, '0', 'admin', '2020-06-19 13:47:31', NULL, NULL, '4');
INSERT INTO `gen_template` VALUES (29, 'vue', '{}index', NULL, '<template>\n    <div class=\"app-container\">\n        <el-form :model=\"queryParams\" ref=\"queryForm\" :inline=\"true\" label-width=\"68px\">\n            #foreach($column in $columns)\n                #if($column.query)\n                    #set($dictType=$column.dictType)\n                    #set($AttrName=$column.javaField.substring(0,1).toUpperCase() + ${column.javaField.substring(1)})\n                    #set($parentheseIndex=$column.columnComment.indexOf(\"（\"))\n                    #if($parentheseIndex != -1)\n                        #set($comment=$column.columnComment.substring(0, $parentheseIndex))\n                    #else\n                        #set($comment=$column.columnComment)\n                    #end\n                    #if($column.htmlType == \"input\")\n                        <el-form-item label=\"${comment}\" prop=\"${column.javaField}\">\n                            <el-input\n                                    v-model=\"queryParams.${column.javaField}\"\n                                    placeholder=\"请输入${comment}\"\n                                    clearable\n                                    size=\"small\"\n                                    @keyup.enter.native=\"handleQuery\"\n                            />\n                        </el-form-item>\n                    #elseif(($column.htmlType == \"select\" || $column.htmlType == \"radio\") && \"\" != $dictType)\n                        <el-form-item label=\"${comment}\" prop=\"${column.javaField}\">\n                            <el-select v-model=\"queryParams.${column.javaField}\" placeholder=\"请选择${comment}\" clearable size=\"small\">\n                                <el-option\n                                        v-for=\"dict in ${column.javaField}Options\"\n                                        :key=\"dict.dictValue\"\n                                        :label=\"dict.dictLabel\"\n                                        :value=\"dict.dictValue\"\n                                />\n                            </el-select>\n                        </el-form-item>\n                    #elseif(($column.htmlType == \"select\" || $column.htmlType == \"radio\") && $dictType)\n                        <el-form-item label=\"${comment}\" prop=\"${column.javaField}\">\n                            <el-select v-model=\"queryParams.${column.javaField}\" placeholder=\"请选择${comment}\" clearable size=\"small\">\n                                <el-option label=\"请选择字典生成\" value=\"\" />\n                            </el-select>\n                        </el-form-item>\n                    #elseif($column.htmlType == \"datetime\")\n                        <el-form-item label=\"${comment}\" prop=\"${column.javaField}\">\n                            <el-date-picker clearable size=\"small\" style=\"width: 200px\"\n                                            v-model=\"queryParams.${column.javaField}\"\n                                            type=\"date\"\n                                            value-format=\"yyyy-MM-dd\"\n                                            placeholder=\"选择${comment}\">\n                            </el-date-picker>\n                        </el-form-item>\n                    #end\n                #end\n            #end\n            <el-form-item>\n                <el-button type=\"primary\" icon=\"el-icon-search\" size=\"mini\" @click=\"handleQuery\">搜索</el-button>\n                <el-button icon=\"el-icon-refresh\" size=\"mini\" @click=\"resetQuery\">重置</el-button>\n            </el-form-item>\n        </el-form>\n\n        <el-row :gutter=\"10\" class=\"mb8\">\n            <el-col :span=\"1.5\">\n                <el-button\n                        type=\"primary\"\n                        icon=\"el-icon-plus\"\n                        size=\"mini\"\n                        @click=\"handleAdd\"\n                        v-hasPermi=\"[\'${moduleName}:${businessName}:add\']\"\n                >新增</el-button>\n            </el-col>\n            <el-col :span=\"1.5\">\n                <el-button\n                        type=\"success\"\n                        icon=\"el-icon-edit\"\n                        size=\"mini\"\n                        :disabled=\"single\"\n                        @click=\"handleUpdate\"\n                        v-hasPermi=\"[\'${moduleName}:${businessName}:edit\']\"\n                >修改</el-button>\n            </el-col>\n            <el-col :span=\"1.5\">\n                <el-button\n                        type=\"danger\"\n                        icon=\"el-icon-delete\"\n                        size=\"mini\"\n                        :disabled=\"multiple\"\n                        @click=\"handleDelete\"\n                        v-hasPermi=\"[\'${moduleName}:${businessName}:remove\']\"\n                >删除</el-button>\n            </el-col>\n            <el-col :span=\"1.5\">\n                <el-button\n                        type=\"warning\"\n                        icon=\"el-icon-download\"\n                        size=\"mini\"\n                        @click=\"handleExport\"\n                        v-hasPermi=\"[\'${moduleName}:${businessName}:export\']\"\n                >导出</el-button>\n            </el-col>\n        </el-row>\n\n        <el-table v-loading=\"loading\" :data=\"${businessName}List\" @selection-change=\"handleSelectionChange\">\n            <el-table-column type=\"selection\" width=\"55\" align=\"center\" />\n            #foreach($column in $columns)\n                #set($javaField=$column.javaField)\n                #set($parentheseIndex=$column.columnComment.indexOf(\"（\"))\n                #if($parentheseIndex != -1)\n                    #set($comment=$column.columnComment.substring(0, $parentheseIndex))\n                #else\n                    #set($comment=$column.columnComment)\n                #end\n                #if($column.pk)\n                    <el-table-column label=\"${comment}\" align=\"center\" prop=\"${javaField}\" />\n                #elseif($column.list && $column.htmlType == \"datetime\")\n                    <el-table-column label=\"${comment}\" align=\"center\" prop=\"${javaField}\" width=\"180\">\n                        <template slot-scope=\"scope\">\n                            <span>{{ parseTime(scope.row.${javaField}, \'{y}-{m}-{d}\') }}</span>\n                        </template>\n                    </el-table-column>\n                #elseif($column.list && \"\" != $column.dictType)\n                    <el-table-column label=\"${comment}\" align=\"center\" prop=\"${javaField}\" :formatter=\"${javaField}Format\" />\n                #elseif($column.list && \"\" != $javaField)\n                    <el-table-column label=\"${comment}\" align=\"center\" prop=\"${javaField}\" />\n                #end\n            #end\n            <el-table-column label=\"操作\" align=\"center\" class-name=\"small-padding fixed-width\">\n                <template slot-scope=\"scope\">\n                    <el-button\n                            size=\"mini\"\n                            type=\"text\"\n                            icon=\"el-icon-edit\"\n                            @click=\"handleUpdate(scope.row)\"\n                            v-hasPermi=\"[\'${moduleName}:${businessName}:edit\']\"\n                    >修改</el-button>\n                    <el-button\n                            size=\"mini\"\n                            type=\"text\"\n                            icon=\"el-icon-delete\"\n                            @click=\"handleDelete(scope.row)\"\n                            v-hasPermi=\"[\'${moduleName}:${businessName}:remove\']\"\n                    >删除</el-button>\n                </template>\n            </el-table-column>\n        </el-table>\n\n        <pagination\n                v-show=\"total>0\"\n                :total=\"total\"\n                :page.sync=\"queryParams.pageNum\"\n                :limit.sync=\"queryParams.pageSize\"\n                @pagination=\"getList\"\n        />\n\n        <!-- 添加或修改${functionName}对话框 -->\n        <el-dialog :title=\"title\" :visible.sync=\"open\" width=\"500px\" append-to-body>\n            <el-form ref=\"form\" :model=\"form\" :rules=\"rules\" label-width=\"80px\">\n                #foreach($column in $columns)\n                    #set($field=$column.javaField)\n                    #if($column.insert && !$column.pk)\n                        #if(($column.usableColumn) || (!$column.superColumn))\n                            #set($parentheseIndex=$column.columnComment.indexOf(\"（\"))\n                            #if($parentheseIndex != -1)\n                                #set($comment=$column.columnComment.substring(0, $parentheseIndex))\n                            #else\n                                #set($comment=$column.columnComment)\n                            #end\n                            #set($dictType=$column.dictType)\n                            #if($column.htmlType == \"input\")\n                                <el-form-item label=\"${comment}\" prop=\"${field}\">\n                                    <el-input v-model=\"form.${field}\" placeholder=\"请输入${comment}\" />\n                                </el-form-item>\n                            #elseif($column.htmlType == \"select\" && \"\" != $dictType)\n                                <el-form-item label=\"${comment}\">\n                                    <el-select v-model=\"form.${field}\" placeholder=\"请选择${comment}\">\n                                        <el-option\n                                                v-for=\"dict in ${field}Options\"\n                                                :key=\"dict.dictValue\"\n                                                :label=\"dict.dictLabel\"\n                                                #if($column.javaType == \"Integer\"):value=\"parseInt(dict.dictValue)\"#else:value=\"dict.dictValue\"#end\n\n                                        ></el-option>\n                                    </el-select>\n                                </el-form-item>\n                            #elseif($column.htmlType == \"select\" && $dictType)\n                                <el-form-item label=\"${comment}\">\n                                    <el-select v-model=\"form.${field}\" placeholder=\"请选择${comment}\">\n                                        <el-option label=\"请选择字典生成\" value=\"\" />\n                                    </el-select>\n                                </el-form-item>\n                            #elseif($column.htmlType == \"radio\" && \"\" != $dictType)\n                                <el-form-item label=\"${comment}\">\n                                    <el-radio-group v-model=\"form.${field}\">\n                                        <el-radio\n                                                v-for=\"dict in ${field}Options\"\n                                                :key=\"dict.dictValue\"\n                                                #if($column.javaType == \"Integer\"):label=\"parseInt(dict.dictValue)\"#else:label=\"dict.dictValue\"#end\n\n                                        >{{dict.dictLabel}}</el-radio>\n                                    </el-radio-group>\n                                </el-form-item>\n                            #elseif($column.htmlType == \"radio\" && $dictType)\n                                <el-form-item label=\"${comment}\">\n                                    <el-radio-group v-model=\"form.${field}\">\n                                        <el-radio label=\"1\">请选择字典生成</el-radio>\n                                    </el-radio-group>\n                                </el-form-item>\n                            #elseif($column.htmlType == \"datetime\")\n                                <el-form-item label=\"${comment}\" prop=\"${field}\">\n                                    <el-date-picker clearable size=\"small\" style=\"width: 200px\"\n                                                    v-model=\"form.${field}\"\n                                                    type=\"date\"\n                                                    value-format=\"yyyy-MM-dd\"\n                                                    placeholder=\"选择${comment}\">\n                                    </el-date-picker>\n                                </el-form-item>\n                            #elseif($column.htmlType == \"textarea\")\n                                <el-form-item label=\"${comment}\" prop=\"${field}\">\n                                    <el-input v-model=\"form.${field}\" type=\"textarea\" placeholder=\"请输入内容\" />\n                                </el-form-item>\n                            #end\n                        #end\n                    #end\n                #end\n            </el-form>\n            <div slot=\"footer\" class=\"dialog-footer\">\n                <el-button type=\"primary\" @click=\"submitForm\">确 定</el-button>\n                <el-button @click=\"cancel\">取 消</el-button>\n            </div>\n        </el-dialog>\n    </div>\n</template>\n\n<script>\n    import { list${BusinessName}, get${BusinessName}, del${BusinessName}, add${BusinessName}, update${BusinessName}, export${BusinessName} } from \"@/api/${moduleName}/${businessName}\";\n\n    export default {\n        name: \"${BusinessName}\",\n        data() {\n            return {\n                // 遮罩层\n                loading: true,\n                // 选中数组\n                ids: [],\n                // 非单个禁用\n                single: true,\n                // 非多个禁用\n                multiple: true,\n                // 总条数\n                total: 0,\n                // ${functionName}表格数据\n                    ${businessName}List: [],\n                // 弹出层标题\n                title: \"\",\n                // 是否显示弹出层\n                open: false,\n                #foreach ($column in $columns)\n                    #set($parentheseIndex=$column.columnComment.indexOf(\"（\"))\n                    #if($parentheseIndex != -1)\n                        #set($comment=$column.columnComment.substring(0, $parentheseIndex))\n                    #else\n                        #set($comment=$column.columnComment)\n                    #end\n                    #if(${column.dictType} != \'\')\n                        // $comment字典\n                            ${column.javaField}Options: [],\n                    #end\n                #end\n                // 查询参数\n                queryParams: {\n                    pageNum: 1,\n                    pageSize: 10,\n            #foreach ($column in $columns)\n                #if($column.query)\n                    $column.javaField: undefined#if($velocityCount != $columns.size()),#end\n\n                #end\n            #end\n        },\n            // 表单参数\n            form: {\n                #foreach ($column in $columns)\n\n                    $column.javaField: null,//$column.columnComment\n                #end\n            },\n            // 表单校验\n            rules: {\n                #foreach ($column in $columns)\n                    #if($column.required)\n                        #set($parentheseIndex=$column.columnComment.indexOf(\"（\"))\n                        #if($parentheseIndex != -1)\n                            #set($comment=$column.columnComment.substring(0, $parentheseIndex))\n                        #else\n                            #set($comment=$column.columnComment)\n                        #end\n                        #set($comment=$column.columnComment)\n                        $column.javaField: [\n                        { required: true, message: \"$comment不能为空\", trigger: \"blur\" }\n                    ]#if($velocityCount != $columns.size()),#end\n\n                    #end\n                #end\n            }\n        };\n        },\n        created() {\n            this.getList();\n            #foreach ($column in $columns)\n                #if(${column.dictType} != \'\')\n                    this.getDicts(\"${column.dictType}\").then(response => {\n                        this.${column.javaField}Options = response.data;\n                    });\n                #end\n            #end\n        },\n        methods: {\n            /** 查询${functionName}列表 */\n            getList() {\n                this.loading = true;\n                list${BusinessName}(this.queryParams).then(response => {\n                    this.${businessName}List = response.rows;\n                    this.total = response.total;\n                    this.loading = false;\n                });\n            },\n            #foreach ($column in $columns)\n                #if(${column.dictType} != \'\')\n                    #set($parentheseIndex=$column.columnComment.indexOf(\"（\"))\n                    #if($parentheseIndex != -1)\n                        #set($comment=$column.columnComment.substring(0, $parentheseIndex))\n                    #else\n                        #set($comment=$column.columnComment)\n                    #end\n                    // $comment字典翻译\n                        ${column.javaField}Format(row, column) {\n                        return this.selectDictLabel(this.${column.javaField}Options, row.${column.javaField});\n                    },\n                #end\n            #end\n            // 取消按钮\n            cancel() {\n                this.open = false;\n                this.reset();\n            },\n            // 表单重置\n            reset() {\n                this.form = {\n                #foreach ($column in $columns)\n                    #if($column.htmlType == \"radio\")\n                        $column.javaField: \"0\"#if($velocityCount != $columns.size()),#end\n\n                    #else\n                        $column.javaField: undefined#if($velocityCount != $columns.size()),#end\n\n                    #end\n                #end\n            };\n                this.resetForm(\"form\");\n            },\n            /** 搜索按钮操作 */\n            handleQuery() {\n                this.queryParams.pageNum = 1;\n                this.getList();\n            },\n            /** 重置按钮操作 */\n            resetQuery() {\n                this.resetForm(\"queryForm\");\n                this.handleQuery();\n            },\n            // 多选框选中数据\n            handleSelectionChange(selection) {\n                this.ids = selection.map(item => item.${pkColumn.javaField})\n                this.single = selection.length!=1\n                this.multiple = !selection.length\n            },\n            /** 新增按钮操作 */\n            handleAdd() {\n                this.reset();\n                this.open = true;\n                this.title = \"添加${functionName}\";\n            },\n            /** 修改按钮操作 */\n            handleUpdate(row) {\n                this.reset();\n                const ${pkColumn.javaField} = row.${pkColumn.javaField} || this.ids\n                get${BusinessName}(${pkColumn.javaField}).then(response => {\n                    this.form = response.data;\n                    this.open = true;\n                    this.title = \"修改${functionName}\";\n                });\n            },\n            /** 提交按钮 */\n            submitForm: function() {\n                this.#[[$]]#refs[\"form\"].validate(valid => {\n                    if (valid) {\n                        if (this.form.${pkColumn.javaField} != undefined) {\n                            update${BusinessName}(this.form).then(response => {\n                                if (response.code === 200) {\n                                    this.msgSuccess(\"修改成功\");\n                                    this.open = false;\n                                    this.getList();\n                                } else {\n                                    this.msgError(response.msg);\n                                }\n                            });\n                        } else {\n                            add${BusinessName}(this.form).then(response => {\n                                if (response.code === 200) {\n                                    this.msgSuccess(\"新增成功\");\n                                    this.open = false;\n                                    this.getList();\n                                } else {\n                                    this.msgError(response.msg);\n                                }\n                            });\n                        }\n                    }\n                });\n            },\n            /** 删除按钮操作 */\n            handleDelete(row) {\n                const ${pkColumn.javaField}s = row.${pkColumn.javaField} || this.ids;\n                this.$confirm(\'是否确认删除${functionName}编号为\"\' + ${pkColumn.javaField}s + \'\"的数据项?\', \"警告\", {\n                    confirmButtonText: \"确定\",\n                    cancelButtonText: \"取消\",\n                    type: \"warning\"\n                }).then(function() {\n                    return del${BusinessName}(${pkColumn.javaField}s);\n                }).then(() => {\n                    this.getList();\n                    this.msgSuccess(\"删除成功\");\n                }).catch(function() {});\n            },\n            /** 导出按钮操作 */\n            handleExport() {\n                const queryParams = this.queryParams;\n                this.$confirm(\'是否确认导出所有${functionName}数据项?\', \"警告\", {\n                    confirmButtonText: \"确定\",\n                    cancelButtonText: \"取消\",\n                    type: \"warning\"\n                }).then(function() {\n                    return export${BusinessName}(queryParams);\n                }).then(response => {\n                    this.download(response.data);\n                }).catch(function() {});\n            }\n        }\n    };\n</script>', 1, '0', 'admin', '2020-06-19 13:47:57', 'admin', '2020-07-20 15:54:01', '3');
INSERT INTO `gen_template` VALUES (31, 'Sever', '12', '11', 'JAVA', 2, '0', 'admin', '2020-06-19 15:41:57', NULL, NULL, '5');
INSERT INTO `gen_template` VALUES (32, 'vue数据处理', '{}data', 'js', '  form: {\n                #foreach ($column in $columns)\n\n                    $column.javaField: null,//$column.columnComment\n                #end\n            },', 1, '0', 'admin', '2020-06-22 11:56:31', NULL, NULL, '3');
INSERT INTO `gen_template` VALUES (34, '更改合同', '{}data', NULL, '<!--\n * @Author: daifen\n * @Date: 2020-06-30 11:34:30\n * @LastEditors: daifen\n--> \n<template>\n  <div class=\"appointmentWhole\">\n    <div class=\"appointmentTop\">\n      <el-button\n        @click=\"saveTaskForm\"\n        type=\"primary\"\n        v-if=\"(taskNowStatus==0||taskNowStatus==1)&checkFalg\"\n      >保存</el-button>\n      <el-button\n        @click=\"sendTaskForm\"\n        type=\"primary\"\n        v-if=\"(taskNowStatus==0||taskNowStatus==1)&checkFalg\"\n      >发送</el-button>\n      <el-button icon=\"el-icon-printer\" type=\"primary\" v-print=\"\'#taskForm\'\">打印</el-button>\n      <el-button type=\"primary\" icon=\"el-icon-paperclip\" @click=\"enclosure\">附件</el-button>\n      <el-button @click=\"taskRecordsShow\" type=\"primary\">流程记录</el-button>\n      <el-button @click=\"goback\" type=\"primary\">返回</el-button>\n      <el-button\n        @click=\"receiveTaskFlow\"\n        type=\"primary\"\n        v-if=\"(taskNowStatus==5||taskNowStatus==6)\"\n      >接收</el-button>\n    </div>\n    <div class=\"appointmentContent ix-hidden-scrollbar\">\n      <div class=\"processform\" id=\"taskForm\">\n        <div class=\"processName\">{{taskTypeName}}</div>\n        <el-form :model=\"taskForm\" :rules=\"rules\" ref=\"taskForm\">\n          #foreach($column in $columns)\n          <el-row class=\"commonTableLRB\">\n            #if($column.query)\n            #set($dictType=$column.dictType)\n            #set($AttrName=$column.javaField.substring(0,1).toUpperCase() + ${column.javaField.substring(1)})\n            #set($parentheseIndex=$column.columnComment.indexOf(\"（\"))\n            #if($parentheseIndex != -1)\n            #set($comment=$column.columnComment.substring(1, $parentheseIndex))\n            #else\n            #set($comment=$column.columnComment)\n            #end\n            #if($column.htmlType == \"input\")\n            <el-col :span=\"4\">\n              <p class=\"text-center\">${comment}</p>\n            </el-col>\n\n            <el-col :span=\"20\" class=\"commonTableLeftQuality\">\n              <el-form-item prop=\"${column.javaField}\">\n                <el-input\n                  v-model=\"taskForm.${column.javaField}\"\n                  placeholder=\"请输入${comment}\"\n                  clearable\n				  #if($column.javaType == \'Double\') type=\"number\"  #end\n                  size=\"small\"\n               \n                />\n              </el-form-item>\n            </el-col>#elseif(($column.htmlType == \"select\" || $column.htmlType == \"radio\") && \"\" != $dictType)\n            <el-col :span=\"4\">\n              <p  class=\"text-center\">${comment}</p>\n            </el-col>\n\n            <el-col :span=\"20\" class=\"commonTableLeftQuality\">\n              <el-form-item prop=\"${column.javaField}\">\n               <common-select distType=\"$dictType\" v-model=\"taskForm.${column.javaField}\" ></common-select>\n              </el-form-item>\n            </el-col>#elseif(($column.htmlType == \"select\" || $column.htmlType == \"radio\") && $dictType)\n            <el-col :span=\"4\">\n              <p  class=\"text-center\">${comment}</p>\n            </el-col>\n\n            <el-col :span=\"20\" class=\"commonTableLeftQuality\">\n              <el-form-item prop=\"${column.javaField}\">\n                <el-select\n                  v-model=\"taskForm.${column.javaField}\"\n                  placeholder=\"请选择${comment}\"\n                  clearable\n                  size=\"small\"\n                >\n                  <el-option label=\"请选择字典生成\" value />\n                </el-select>\n              </el-form-item>\n            </el-col>#elseif($column.htmlType == \"datetime\")\n            <el-col :span=\"4\">\n              <p  class=\"text-center\">${comment}</p>\n            </el-col>\n\n            <el-col :span=\"20\" class=\"commonTableLeftQuality\">\n              <el-form-item prop=\"${column.javaField}\">\n                <el-date-picker\n                  clearable\n                  size=\"small\"\n                  style=\"width: 200px\"\n                  v-model=\"taskForm.${column.javaField}\"\n                  type=\"date\"\n                  value-format=\"yyyy-MM-dd\"\n                  placeholder=\"选择${comment}\"\n                ></el-date-picker>\n              </el-form-item>\n            </el-col>\n#end\n            #end\n          </el-row>\n#end\n          <el-row class=\"commonTableContent\">\n            <el-col :span=\"4\" class=\"commonTableFileUpload\">附件</el-col>\n            <el-col :span=\"20\" class=\"enclosure\" style=\"height: 82px;overflow-y: scroll;\">\n              <common-upload\n                :uplodaData=\"uplodaData\"\n                :nowStep=\"nowStep\"\n                :firstStepFalg=\"firstStepFalg\"\n                :taskMatterId=\"taskMatterId\"\n                :fileUploads=\"fileUploads\"\n                ref=\"uplodas\"\n              ></common-upload>\n            </el-col>\n          </el-row>\n\n          <el-row class=\"commonTableLRB\" v-for=\"(v,i) in distList\" v-if=\"v.needSign==\'0\'\">\n            <el-col :span=\"4\" class=\"commonColTextQuality\">{{distList[i].taskRoleName}}意见</el-col>\n            <el-col :span=\"20\" class=\"commonTableLeftQuality\">\n              <el-row>\n                <el-col :span=\"24\">\n                  <el-input\n                    :disabled=\"nowStep!=(i+1)\"\n                    placeholder=\"请输入\"\n                    type=\"textarea\"\n                    v-model=\"distList[i].opinions\"\n                  ></el-input>\n                </el-col>\n              </el-row>\n              <el-row class=\"commonTableTop\">\n                <el-col :span=\"4\" class=\"commonColText\">{{distList[i].taskRoleName}}签字</el-col>\n                <el-col :span=\"8\" class=\"commonText commonTableLeftQuality\">\n                  <passmessage :disabled=\"nowStep!=(i+1)\" :signActive=\"distList[i].avatar\"></passmessage>\n                </el-col>\n                <el-col :span=\"6\" class=\"commonTableInput\">日期</el-col>\n                <el-col :span=\"6\" class=\"commonTableInput\">\n                  <el-date-picker\n                    :clearable=\"true\"\n                    :editable=\"true\"\n                    disabled=\"disabled\"\n                    style=\"width:90%;padding:0px 0px 1px 12px\"\n                    v-model=\"distList[i].shtime\"\n                  ></el-date-picker>\n                </el-col>\n              </el-row>\n            </el-col>\n          </el-row>\n        </el-form>\n\n        <div class=\"appointmentBottom\">\n          <el-steps\n            :active=\"nowStep-1\"\n            align-center\n            finish-status=\"finish\"\n            process-status=\"success\"\n          >\n            <el-step :title=\"dist.taskRoleName\" v-for=\"dist in distList\"></el-step>\n          </el-steps>\n        </div>\n\n        <process-record :allprojects=\"opinionsRecords\"></process-record>\n      </div>\n    </div>\n    <!-- 附件上传 -->\n    <el-dialog\n      title=\"附件上传\"\n      :visible.sync=\"enclosureModal\"\n      width=\"40%\"\n      height=\"300px\"\n      :before-close=\"acceptHandleClose\"\n    >\n      <common-upload-file :taskMatterId=\"taskMatterId\" type=\"2\"></common-upload-file>\n      <span slot=\"footer\" class=\"dialog-footer\">\n        <el-button @click=\"enclosureModal = false\">关闭</el-button>\n      </span>\n    </el-dialog>\n    <el-dialog\n      :before-close=\"acceptHandleClose\"\n      :title=\"taskTypeName\"\n      :visible.sync=\"opinionsRecordsShow\"\n      height=\"300px\"\n      width=\"40%\"\n    >\n      <p style=\"text-align: center;font-size:20px;padding-bottom: 20px;\">{{taskTypeName}}</p>\n      <option-record :optRecord=\"opinionsRecords\"></option-record>\n      <span class=\"dialog-footer\" slot=\"footer\">\n        <el-button @click=\"opinionsRecordsShow = false\">取 消</el-button>\n      </span>\n    </el-dialog>\n    <el-dialog\n      :before-close=\"close_dialog\"\n      :visible.sync=\"sendShow\"\n      height=\"300px\"\n      title=\"发送\"\n      width=\"40%\"\n    >\n      <send\n        :getMatterId=\"taskMatterId\"\n        :sendOption=\"sendOption\"\n        :sendStep=\"nowStep\"\n        :deptId=\"taskForm.cendandepartment\"\n        :stepInfo=\"distList\"\n        @close-dialogStatus=\"close_dialog\"\n        @onToggle=\"onToggle\"\n      ></send>\n    </el-dialog>\n  </div>\n</template>\n\n<script>\nimport {\n  getContract,\n  getOneProject,\n  saveProProjec,\n  sendProProjec\n} from \"@/api/projecttask/contract\";\n\nimport { getMatterInfo, receiveTaskFlow } from \"@/api/task/matter\";\nimport ProcessRecord from \"@/views/project/proapproval/processRecord\";\nimport OptionRecord from \"@/views/project/proapproval/optionRecord\";\nimport Send from \"@/views/project/proapproval/send\";\nimport { getToken } from \"@/utils/auth\";\nimport { delUpload } from \"@/api/task/upload\";\nimport passmessage from \"../../shared-common/passmessage\";\nimport CommonSelect from \"@/components/zrd/commonSelect\";\nimport commonUpload from \"@/components/Upload/upload\";\nimport commonUploadFile from \"@/components/df/commonUploadFile\";\nimport commonRadio from \"@/components/zrd/commonRadio\";\n\nvar vm;\nexport default {\n  name: \"taskapproval\",\n  data() {\n    return {\n      allprojects: [],\n      uplodaData: {},\n      taskType: \"3\",\n      taskTypeName: \"生产任务通知单\",\n      enclosureModal: false, //附件上传模态框\n      sendOption: null,\n      opinionsRecordsShow: false,\n      sendShow: false,\n      taskOpinionsRecordsId: 0,\n      taskNowStatus: undefined,\n      taskMatterId: null,\n      taskData: {},\n      distList: {},\n      fileUploads: {},\n      opinionsRecords: [],\n      nowStep: 1,\n            checkFalg: true,\n      firstStepFalg: true,\n      queryParams: {},\n      redioStatus: true,\n      rules: {\n	   #foreach ($column in $columns)\n                    #if($column.required)\n                        #set($parentheseIndex=$column.columnComment.indexOf(\"（\"))\n                        #if($parentheseIndex != -1)\n                            #set($comment=$column.columnComment.substring(0, $parentheseIndex))\n                        #else\n                            #set($comment=$column.columnComment)\n                        #end\n                        #set($comment=$column.columnComment)\n                        $column.javaField: [\n                        { required: true, message: \"$comment不能为空\", trigger: \"blur\" }\n                    ]#if($velocityCount != $columns.size()),#end\n\n                    #end\n                #end\n	   \n	  },\n      taskForm: {\n        #foreach ($column in $columns)\n\n                    $column.javaField: null,//$column.columnComment\n                #end\n      }\n    };\n  },\n\n  created() {\n    vm = this;\n    let a = this.$route.query.taskOpinionsRecordsId;\n    if (a) {\n      this.taskOpinionsRecordsId = a;\n      this.getMatterInfo(this.taskOpinionsRecordsId);\n    } else {\n      let tableId = this.$route.query.tableId;\n\n      this.getMatterInfo(null);\n      if (tableId) {\n        vm.getContract(tableId);\n      }\n    }\n \n  },\n  components: {\n    ProcessRecord,\n    OptionRecord,\n    CommonSelect,\n    Send,\n    passmessage,\n    commonUpload,\n    commonUploadFile,\n    commonRadio\n  },\n\n  methods: {\n    //点击附件\n    enclosure() {\n      this.enclosureModal = true;\n    },\n    selectedRadio() {\n      vm.redioStatus = true;\n    },\n    radioExistence() {\n      vm.redioStatus = false;\n    },\n    handleRemove(val) {\n      delUpload(val.id).then(response => {});\n    },\n\n    handlePreview(val) {\n      this.downloadFile(val.url);\n    },\n    goback() {\n      this.MMMrouter.go(-1);\n    },\n    close_dialog() {\n      this.sendShow = false;\n    },\n    onToggle(taskStep) {\n      this.sendShow = false;\n      this.taskForm.accountname = taskStep.accountname;\n      this.taskForm.opinions = taskStep.opinions;\n      this.taskForm.checkFlag = taskStep.checkFlag;\n      this.taskForm.userSign = taskStep.userSign;\n      this.taskForm.taskType = this.taskType;\n      this.taskForm.taskMatterId = this.taskMatterId;\n\n      sendProProjec(this.taskForm).then(response => {\n        this.MMMrefs.uplodas.uploadFile(response.data.taskMatterId3);\n        this.MMMrouter.push({ path: _cfg.sendTaskUrl });\n        this.msgSuccess(\"发送成功\");\n      });\n    },\n    getContract(id) {\n      getContract(id).then(response => {\n        const data = response.data;\n        this.taskForm.name = data.name;\n        this.taskForm.type = data.category;\n        this.taskForm.contractId = data.id;\n        this.taskForm.contractno = data.number;\n        this.taskForm.kind = data.projecttype;\n        this.taskForm.weituofang = data.wetuofang;\n        this.taskForm.owner = data.projectleader;\n        this.taskForm.tecowner = data.technicaldirector;\n        this.taskForm.takepartpeople = data.participant;\n        this.taskForm.projectmoney = data.contractmoney;\n        this.taskForm.proTypeTwo = data.proTypeTwo;\n        this.taskForm.cendandepartment = data.cendandepartment;\n        this.taskForm.askfinishdatestart = data.beginDate;\n        this.taskForm.askfinishdateend = data.enddate;\n      });\n    },\n    getMatterInfo(id) {\n      this.taskData.taskOpinionsRecordsId = id;\n      this.taskData.taskType = vm.taskType;\n\n      getMatterInfo(this.taskData).then(response => {\n        this.taskForm.taskMatterId = response.data.taskMatterId;\n        this.taskMatterId = response.data.taskMatterId;\n        this.taskNowStatus = response.data.taskStatus;\n        	          this.checkFalg = response.data.checkFalg;\n        this.firstStepFalg = response.data.firstStepFalg;\n        if (this.taskMatterId) {\n          this.get(this.taskMatterId);\n        }\n        console.log(response.data.taskOpinionsRecords);\n        this.distList = response.data.taskStepDistEntities;\n        const taskOpinionsRecords = response.data.taskOpinionsRecords;\n        for (let i = 0; i < taskOpinionsRecords.length; i++) {\n          taskOpinionsRecords[i].createTime = this.formatDuringMin(\n            taskOpinionsRecords[i].createTime\n          );\n          this.opinionsRecords.push(taskOpinionsRecords[i]);\n        }\n        this.nowStep = response.data.nowStep;\n        this.fileUploads = response.data.fileUploads;\n        if (this.nowStep) {\n          this.distList[this.nowStep - 1].shtime = new Date();\n        }\n      });\n    },\n    get(id) {\n      this.queryParams.taskMatterId = id;\n      this.queryParams.taskType = this.taskType;\n\n      getOneProject(this.queryParams).then(response => {\n        this.taskForm = response.data;\n      });\n    },\n\n    saveTaskForm() {\n      this.MMMrefs[\"taskForm\"].validate(valid => {\n        if (!valid) return;\n        this.taskForm.opinions = vm.distList[vm.nowStep - 1].opinions;\n        this.taskForm.taskType = this.taskType;\n        this.taskForm.taskMatterId = this.taskMatterId;\n        saveProProjec(this.taskForm).then(response => {\n          this.MMMrefs.uplodas.uploadFile(response.data.taskMatterId3);\n          this.MMMrouter.push({ path: _cfg.saveTaskUrl });\n          this.msgSuccess(\"保存成功\");\n        });\n      });\n    },\n    sendTaskForm() {\n      this.MMMrefs[\"taskForm\"].validate(valid => {\n        if (!valid) return;\n        vm.sendOption = vm.distList[vm.nowStep - 1].opinions;\n        this.sendShow = true;\n      });\n    },\n    taskRecordsShow() {\n      this.opinionsRecordsShow = true;\n    },\n    receiveTaskFlow() {\n      receiveTaskFlow(vm.taskOpinionsRecordsId).then(response => {\n        this.MMMrouter.push({ path: _cfg.sendTaskUrl });\n        this.msgSuccess(\"接收成功\");\n      });\n    },\n\n    acceptHandleClose(done) {\n      this.$confirm(\"确认关闭？\")\n        .then(_ => {\n          done();\n        })\n        .catch(_ => {});\n    },\n\n    resetForm() {\n      this.MMMrefs[\"taskForm\"].resetFields();\n    }\n  }\n};\n</script>\n\n<style lang=\"less\" scoped>\n@import \"~@/assets/styles/operation.less\";\n@import \"~@/assets/styles/taskapproval.css\";\n\n.el-input.is-disabled .el-input__inner {\n  color: #4299ed;\n}\n\n.el-input__icon .el-icon-date {\n  padding-left: 10px;\n}\n\n.appointmentBottom {\n  width: 100%;\n  height: calc(4% - 10px);\n  padding: 10px;\n  padding-top: 10px;\n}\n\n.el-input.is-disabled /deep/ .el-input__inner {\n  width: 95%;\n  margin: 0 auto;\n  color: #4299ed;\n}\n\n.commonTableLRB {\n  display: flex;\n  align-items: center;\n  justify-content: center;\n}\n\n.text-center {\n  text-align: center;\n}\n</style>\n\n', 1, '0', 'admin', '2020-07-03 11:55:15', 'admin', '2020-07-07 09:16:33', '3');
INSERT INTO `gen_template` VALUES (35, 'sql', '{}sql', NULL, '-- 菜单 SQL\ninsert into sys_menu (menu_name, parent_id, order_num, path, component, is_frame, menu_type, visible, status, perms, icon, create_by, create_time, update_by, update_time, remark)\nvalues(\'${functionName}\', \'3\', \'1\', \'${businessName}\', \'${moduleName}/${businessName}/index\', 1, \'C\', \'0\', \'0\', \'${permissionPrefix}:list\', \'#\', \'admin\', \'2018-03-01\', \'ry\', \'2018-03-01\', \'${functionName}菜单\');\n\n-- 按钮父菜单ID\nSELECT @parentId := LAST_INSERT_ID();\n\n-- 按钮 SQL\ninsert into sys_menu  (menu_name, parent_id, order_num, path, component, is_frame, menu_type, visible, status, perms, icon, create_by, create_time, update_by, update_time, remark)\nvalues(\'${functionName}查询\', @parentId, \'1\',  \'#\', \'\', 1,  \'F\', \'0\',  \'0\', \'${permissionPrefix}:query\',        \'#\', \'admin\', \'2018-03-01\', \'ry\', \'2018-03-01\', \'\');\n\ninsert into sys_menu  (menu_name, parent_id, order_num, path, component, is_frame, menu_type, visible, status, perms, icon, create_by, create_time, update_by, update_time, remark)\nvalues(\'${functionName}新增\', @parentId, \'2\',  \'#\', \'\', 1,  \'F\', \'0\',  \'0\', \'${permissionPrefix}:add\',          \'#\', \'admin\', \'2018-03-01\', \'ry\', \'2018-03-01\', \'\');\n\ninsert into sys_menu  (menu_name, parent_id, order_num, path, component, is_frame, menu_type, visible, status, perms, icon, create_by, create_time, update_by, update_time, remark)\nvalues(\'${functionName}修改\', @parentId, \'3\',  \'#\', \'\', 1,  \'F\', \'0\',  \'0\', \'${permissionPrefix}:edit\',         \'#\', \'admin\', \'2018-03-01\', \'ry\', \'2018-03-01\', \'\');\n\ninsert into sys_menu  (menu_name, parent_id, order_num, path, component, is_frame, menu_type, visible, status, perms, icon, create_by, create_time, update_by, update_time, remark)\nvalues(\'${functionName}删除\', @parentId, \'4\',  \'#\', \'\', 1,  \'F\', \'0\',  \'0\', \'${permissionPrefix}:remove\',       \'#\', \'admin\', \'2018-03-01\', \'ry\', \'2018-03-01\', \'\');\n\ninsert into sys_menu  (menu_name, parent_id, order_num, path, component, is_frame, menu_type, visible, status, perms, icon, create_by, create_time, update_by, update_time, remark)\nvalues(\'${functionName}导出\', @parentId, \'5\',  \'#\', \'\', 1,  \'F\', \'0\',  \'0\', \'${permissionPrefix}:export\',       \'#\', \'admin\', \'2018-03-01\', \'ry\', \'2018-03-01\', \'\');', 1, '0', 'admin', '2020-07-06 18:13:42', NULL, NULL, '5');
INSERT INTO `gen_template` VALUES (36, 'entity', '{}Entity', 'domain/entity', 'package ${packageName}.domain;\n\n    #foreach ($import in $importList)\n    import ${import};\n    #end\nimport org.apache.commons.lang3.builder.ToStringBuilder;\nimport org.apache.commons.lang3.builder.ToStringStyle;\nimport com.ruoyi.framework.aspectj.lang.annotation.Excel;\n    #if($table.crud)\n    import com.ruoyi.framework.web.domain.BaseEntity;\n    #elseif($table.tree)\n    import com.ruoyi.framework.web.domain.TreeEntity;\n    #end\nimport io.swagger.annotations.ApiModelProperty;\nimport java.util.Date;\nimport com.ruoyi.framework.web.domain.BaseZrdEntity;\nimport lombok.AllArgsConstructor;\nimport lombok.Data;\nimport lombok.NoArgsConstructor;\nimport com.ruoyi.common.enums.TranslateAnnotation;\nimport javax.validation.constraints.NotBlank;\nimport javax.validation.constraints.NotNull;\nimport javax.persistence.GeneratedValue;\nimport javax.persistence.Id;\nimport java.io.Serializable;\nimport io.swagger.annotations.ApiModel;\n/**\n * ${functionName}对象 ${tableName}\n *\n * @author ${author}\n * @date ${datetime}\n */\n\n@ApiModel(\"${functionName}\")\n@Data\n\npublic class ${ClassName}Entity  extends ${ClassName} \n        {\n\n#foreach ($column in $columns)\n        #if(${column.dictType} != \'\')\n      private $column.javaType ${column.javaField}Name;\n        #end\n		       #if(${column.queryType} == \'IN\')\n      private String[] ${column.javaField}Arr;\n        #end\n#end\n\n\n}\n', 1, '0', 'admin', '2020-06-19 13:41:45', 'admin', '2020-09-23 17:47:05', '1');
INSERT INTO `gen_template` VALUES (37, '树形结构controller', '{}Controller', 'controller', 'package ${packageName}.controller;\n\nimport java.util.List;\nimport com.common.zrd.json.CommonJsonResult;\nimport com.ruoyi.common.utils.poi.ExcelUtil;\nimport com.ruoyi.framework.aspectj.lang.annotation.Log;\nimport com.ruoyi.framework.aspectj.lang.enums.BusinessType;\nimport com.ruoyi.framework.interceptor.annotation.RepeatSubmit;\nimport com.ruoyi.framework.web.controller.BaseController;\nimport com.ruoyi.framework.web.domain.AjaxResult;\nimport com.ruoyi.framework.web.page.TableDataInfo;\nimport io.swagger.annotations.Api;\nimport ${packageName}.domain.${ClassName};\nimport ${packageName}.domain.entity.${ClassName}Entity;\nimport ${packageName}.service.I${ClassName}Service;\nimport io.swagger.annotations.ApiOperation;\nimport org.springframework.beans.factory.annotation.Autowired;\nimport org.springframework.security.access.prepost.PreAuthorize;\nimport org.springframework.web.bind.annotation.*;\n\n\n\n/**\n * ${functionName}Controller\n *\n * @author ${author}\n * @date ${datetime}\n */\n@Api(tags = \"${functionName}\")\n@RestController\n@RequestMapping(\"/${moduleName}/${businessName}\")\npublic class ${ClassName}Controller extends BaseController\n{\n    @Autowired\n    private I${ClassName}Service ${className}Service;\n\n\n\n\n\n    /**\n     * 描述：查询${functionName}列表\n     * 备注：\n     * 日期： ${datetime}\n     * 作者：  ${author}\n     * @param ${className}Entity\n     * @return com.ruoyi.framework.web.page.TableDataInfo\n     **/\n    @ApiOperation(\"查询${functionName}列表\")\n    @PreAuthorize(\"@ss.hasPermi(\'${permissionPrefix}:list\')\")\n    @GetMapping(\"/list\")\n    public CommonJsonResult list(${ClassName}Entity ${className}Entity) {\n     \n        List<${ClassName}Entity> list = ${className}Service.select${ClassName}List(${className}Entity);\n            return CommonJsonResult.of(list);\n    }\n\n    /**\n     * 描述：导出${functionName}列表  \n     * 备注： \n     * 日期： ${datetime}\n     * 作者：  ${author}\n     * @param ${className}\n     * @return com.common.zrd.json.CommonJsonResult\n     **/\n    @ApiOperation(\"导出${functionName}列表\")\n    @PreAuthorize(\"@ss.hasPermi(\'${permissionPrefix}:export\')\")\n    @Log(title = \"${functionName}\", businessType = BusinessType.EXPORT)\n    @GetMapping(\"/export\")\n    public CommonJsonResult export(${ClassName}Entity ${className}) {\n        List<${ClassName}Entity> list = ${className}Service.select${ClassName}List(${className});\n        String fileName = \"${functionName}\" + \"_\" + DateUtils.dateTimeNow() + \".xls\";\n        EasyExcel.write(ExcelUtil.getAbsoluteFile(fileName), ${ClassName}Entity.class).sheet(\"模板\").doWrite(list);\n        return CommonJsonResult.of(fileName);\n    }\n	\n    /**\n     * 获取${functionName}详细信息\n     */\n    @ApiOperation(\"获取${functionName}详细信息\")\n    @PreAuthorize(\"@ss.hasPermi(\'${permissionPrefix}:query\')\")\n    @GetMapping(value = \"/{${pkColumn.javaField}}\")\n    public   CommonJsonResult getInfo(@PathVariable(\"${pkColumn.javaField}\") ${pkColumn.javaType} ${pkColumn.javaField})\n    {\n        return CommonJsonResult.of(${className}Service.selectByPrimaryKey(${pkColumn.javaField}));\n    }\n\n    /**\n     * 新增${functionName}\n     */\n    @ApiOperation(\"新增${functionName}\")\n    @RepeatSubmit\n    @PreAuthorize(\"@ss.hasPermi(\'${permissionPrefix}:add\')\")\n    @Log(title = \"${functionName}\", businessType = BusinessType.INSERT)\n    @PostMapping\n    public   CommonJsonResult add(@RequestBody ${ClassName} ${className})\n    {\n            ${className}Service.insertSelective(${className});\n        return CommonJsonResult.of(${className});\n    }\n\n    /**\n     * 修改${functionName}\n     */\n    @ApiOperation(\"修改${functionName}\")\n    @RepeatSubmit\n    @PreAuthorize(\"@ss.hasPermi(\'${permissionPrefix}:edit\')\")\n    @Log(title = \"${functionName}\", businessType = BusinessType.UPDATE)\n    @PutMapping\n    public   CommonJsonResult edit(@RequestBody ${ClassName} ${className})\n    {\n            ${className}Service.updateByPrimaryKeySelective(${className});\n\n        return  CommonJsonResult.of(${className});\n    }\n\n    /**\n     * 删除${functionName}\n     */\n    @ApiOperation(\"删除${functionName}\")\n    @PreAuthorize(\"@ss.hasPermi(\'${permissionPrefix}:remove\')\")\n    @Log(title = \"${functionName}\", businessType = BusinessType.DELETE)\n    @DeleteMapping(\"/{${pkColumn.javaField}s}\")\n    public   CommonJsonResult remove(@PathVariable Long[] ${pkColumn.javaField}s)\n    {\n            ${className}Service.deleteByIds(${pkColumn.javaField}s);\n        return CommonJsonResult.empty();\n    }\n}\n', 2, '0', 'admin', '2020-08-26 17:37:36', 'admin', '2020-08-26 17:40:43', '1');
INSERT INTO `gen_template` VALUES (38, '树形结构xml', '{}Mapper', NULL, '<?xml version=\"1.0\" encoding=\"UTF-8\" ?>\n<!DOCTYPE mapper\nPUBLIC \"-//mybatis.org//DTD Mapper 3.0//EN\"\n\"http://mybatis.org/dtd/mybatis-3-mapper.dtd\">\n<mapper namespace=\"${packageName}.mapper.${ClassName}Mapper\">\n    \n  \n\n    <sql id=\"select${ClassName}Vo\">\n        select#foreach($column in $columns) t.$column.columnName  $column.javaField #if($velocityCount != $columns.size()),#end#end from ${tableName} t\n    </sql>\n\n    <select id=\"select${ClassName}List\" parameterType=\"${ClassName}Entity\"    resultType=\"${ClassName}Entity\">\n        <include refid=\"select${ClassName}Vo\"/>\n        <where>  \n#foreach($column in $columns)\n#set($queryType=$column.queryType)\n#set($javaField=$column.javaField)\n#set($javaType=$column.javaType)\n#set($columnName=$column.columnName)\n#set($AttrName=$column.javaField.substring(0,1).toUpperCase() + ${column.javaField.substring(1)})\n#if($column.query)\n#if($column.queryType == \"EQ\")\n            <if test=\"$javaField != null #if($javaType == \'String\' ) and $javaField.trim() != \'\'#end\"> and t.$columnName = #{$javaField}</if>\n#elseif($queryType == \"NE\")\n            <if test=\"$javaField != null #if($javaType == \'String\' ) and $javaField.trim() != \'\'#end\"> and t.$columnName != #{$javaField}</if>\n#elseif($queryType == \"GT\")\n            <if test=\"$javaField != null #if($javaType == \'String\' ) and $javaField.trim() != \'\'#end\"> and t.$columnName &gt; #{$javaField}</if>\n#elseif($queryType == \"GTE\")\n            <if test=\"$javaField != null #if($javaType == \'String\' ) and $javaField.trim() != \'\'#end\"> and t.$columnName &gt;= #{$javaField}</if>\n#elseif($queryType == \"LT\")\n            <if test=\"$javaField != null #if($javaType == \'String\' ) and $javaField.trim() != \'\'#end\"> and t.$columnName &lt; #{$javaField}</if>\n#elseif($queryType == \"LTE\")\n            <if test=\"$javaField != null #if($javaType == \'String\' ) and $javaField.trim() != \'\'#end\"> and t.$columnName &lt;= #{$javaField}</if>\n#elseif($queryType == \"LIKE\")\n            <if test=\"$javaField != null #if($javaType == \'String\' ) and $javaField.trim() != \'\'#end\"> and t.$columnName like concat(\'%\', #{$javaField}, \'%\')</if>\n#elseif($queryType == \"BETWEEN\")\n            <if test=\"params.begin$AttrName != null and params.begin$AttrName != \'\' and params.end$AttrName != null and params.end$AttrName != \'\'\"> and t.$columnName between #{params.begin$AttrName} and #{params.end$AttrName}</if>\n#end\n#end\n#end\n        </where>\n    </select>\n\n\n     \n    <insert id=\"insert${ClassName}\" parameterType=\"${ClassName}\"#if($pkColumn.increment) useGeneratedKeys=\"true\" keyProperty=\"$pkColumn.javaField\"#end>\n        insert into ${tableName}\n        <trim prefix=\"(\" suffix=\")\" suffixOverrides=\",\">\n#foreach($column in $columns)\n#if($column.columnName != $pkColumn.columnName || !$pkColumn.increment)\n            <if test=\"$column.javaField != null#if($column.javaType == \'String\' && $column.required) and $column.javaField != \'\'#end\">$column.columnName,</if>\n#end\n#end\n         </trim>\n        <trim prefix=\"values (\" suffix=\")\" suffixOverrides=\",\">\n#foreach($column in $columns)\n#if($column.columnName != $pkColumn.columnName || !$pkColumn.increment)\n            <if test=\"$column.javaField != null#if($column.javaType == \'String\' && $column.required) and $column.javaField != \'\'#end\">#{$column.javaField},</if>\n#end\n#end\n         </trim>\n    </insert>\n\n    <update id=\"update${ClassName}\" parameterType=\"${ClassName}\">\n        update ${tableName}\n        <trim prefix=\"SET\" suffixOverrides=\",\">\n#foreach($column in $columns)\n#if($column.columnName != $pkColumn.columnName)\n            <if test=\"$column.javaField != null#if($column.javaType == \'String\' && $column.required) and $column.javaField != \'\'#end\">$column.columnName = #{$column.javaField},</if>\n#end\n#end\n        </trim>\n        where ${pkColumn.columnName} = #{${pkColumn.javaField}}\n    </update>\n\n    <delete id=\"delete${ClassName}ById\" parameterType=\"${pkColumn.javaType}\">\n        delete from ${tableName} where ${pkColumn.columnName} = #{${pkColumn.javaField}}\n    </delete>\n\n    <delete id=\"delete${ClassName}ByIds\" parameterType=\"String\">\n        delete from ${tableName} where ${pkColumn.columnName} in \n        <foreach item=\"${pkColumn.javaField}\" collection=\"array\" open=\"(\" separator=\",\" close=\")\">\n            #{${pkColumn.javaField}}\n        </foreach>\n    </delete>\n\n</mapper>', 2, '0', 'admin', '2020-06-19 13:46:44', 'admin', '2020-08-26 17:42:17', '2');
INSERT INTO `gen_template` VALUES (39, 'page', NULL, 'page/manager', '', 1, '0', NULL, NULL, NULL, NULL, '3');

-- ----------------------------
-- Table structure for gen_template_scheme
-- ----------------------------
DROP TABLE IF EXISTS `gen_template_scheme`;
CREATE TABLE `gen_template_scheme`  (
  `id` int(32) NOT NULL AUTO_INCREMENT COMMENT '主键',
  `title` varchar(50) CHARACTER SET utf8 COLLATE utf8_general_ci NOT NULL COMMENT '方案标题',
  `description` varchar(4000) CHARACTER SET utf8 COLLATE utf8_general_ci NOT NULL COMMENT '方案描述',
  `del_flag` char(1) CHARACTER SET utf8 COLLATE utf8_general_ci NULL DEFAULT NULL COMMENT '删除标志（0代表存在 2代表删除）',
  `create_by` varchar(64) CHARACTER SET utf8 COLLATE utf8_general_ci NULL DEFAULT NULL COMMENT '创建者',
  `create_time` datetime(0) NULL DEFAULT NULL COMMENT '创建时间',
  `update_by` varchar(64) CHARACTER SET utf8 COLLATE utf8_general_ci NULL DEFAULT NULL COMMENT '更新者',
  `update_time` datetime(0) NULL DEFAULT NULL COMMENT '更新时间',
  PRIMARY KEY (`id`) USING BTREE
) ENGINE = InnoDB AUTO_INCREMENT = 9 CHARACTER SET = utf8 COLLATE = utf8_general_ci COMMENT = '代码生成模板组管理' ROW_FORMAT = Dynamic;

-- ----------------------------
-- Records of gen_template_scheme
-- ----------------------------
INSERT INTO `gen_template_scheme` VALUES (1, '基础增删查改', '基础增删查改', '0', NULL, NULL, 'admin', '2020-06-19 14:01:13');
INSERT INTO `gen_template_scheme` VALUES (8, '增删改查001', '进行数据更新zrd', NULL, NULL, NULL, 'admin', '2021-01-21 10:57:34');

-- ----------------------------
-- Table structure for generator_data_source
-- ----------------------------
DROP TABLE IF EXISTS `generator_data_source`;
CREATE TABLE `generator_data_source`  (
  `id` int(11) NOT NULL AUTO_INCREMENT COMMENT '主键',
  `db_key` varchar(50) CHARACTER SET utf8 COLLATE utf8_general_ci NOT NULL COMMENT '索引关键字',
  `description` varchar(50) CHARACTER SET utf8 COLLATE utf8_general_ci NOT NULL COMMENT '描述',
  `driver_class` varchar(50) CHARACTER SET utf8 COLLATE utf8_general_ci NOT NULL COMMENT '驱动',
  `url` varchar(200) CHARACTER SET utf8 COLLATE utf8_general_ci NOT NULL COMMENT 'URL',
  `db_user` varchar(50) CHARACTER SET utf8 COLLATE utf8_general_ci NOT NULL COMMENT '帐号',
  `db_password` varchar(50) CHARACTER SET utf8 COLLATE utf8_general_ci NULL DEFAULT NULL COMMENT '密码',
  `db_type` varchar(50) CHARACTER SET utf8 COLLATE utf8_general_ci NULL DEFAULT NULL COMMENT '数据库类型',
  `db_name` varchar(50) CHARACTER SET utf8 COLLATE utf8_general_ci NULL DEFAULT NULL COMMENT '数据库名称',
  `create_by` varchar(32) CHARACTER SET utf8 COLLATE utf8_general_ci NULL DEFAULT NULL COMMENT 'create_by',
  `create_time` datetime(0) NULL DEFAULT NULL COMMENT 'create_date',
  `update_by` varchar(32) CHARACTER SET utf8 COLLATE utf8_general_ci NULL DEFAULT NULL COMMENT 'update_by',
  `update_time` datetime(0) NULL DEFAULT NULL COMMENT 'update_date',
  `remarks` varchar(255) CHARACTER SET utf8 COLLATE utf8_general_ci NULL DEFAULT NULL COMMENT 'remarks',
  `del_flag` char(1) CHARACTER SET utf8 COLLATE utf8_general_ci NULL DEFAULT NULL COMMENT 'del_flag',
  PRIMARY KEY (`id`) USING BTREE
) ENGINE = InnoDB AUTO_INCREMENT = 5 CHARACTER SET = utf8 COLLATE = utf8_general_ci COMMENT = '数据源' ROW_FORMAT = Dynamic;

-- ----------------------------
-- Records of generator_data_source
-- ----------------------------
INSERT INTO `generator_data_source` VALUES (2, 'sy', '长航', 'com.mysql.cj.jdbc.Driver', 'jdbc:mysql://192.168.50.222:3308/sy?useUnicode=true&characterEncoding=utf8&zeroDateTimeBehavior=convertToNull&useSSL=true&serverTimezone=GMT%2B8', 'root', '123456', NULL, 'sy', NULL, NULL, NULL, NULL, NULL, NULL);
INSERT INTO `generator_data_source` VALUES (3, 'sy', '展会', 'com.mysql.cj.jdbc.Driver', 'jdbc:mysql://192.168.50.222:3308/show?useUnicode=true&characterEncoding=utf8&zeroDateTimeBehavior=convertToNull&useSSL=true&serverTimezone=GMT%2B8', 'root', '123456', NULL, 'show', NULL, NULL, NULL, NULL, NULL, NULL);
INSERT INTO `generator_data_source` VALUES (4, 'sy', '换流阀', 'com.mysql.cj.jdbc.Driver', 'jdbc:mysql://192.168.0.222:3308/hlf?useUnicode=true&characterEncoding=utf8&zeroDateTimeBehavior=convertToNull&useSSL=true&serverTimezone=GMT%2B8', 'root', '123456', NULL, 'hlf', NULL, NULL, NULL, NULL, NULL, NULL);

-- ----------------------------
-- Table structure for test_case
-- ----------------------------
DROP TABLE IF EXISTS `test_case`;
CREATE TABLE `test_case`  (
  `id` int(4) NOT NULL AUTO_INCREMENT COMMENT 'id主键',
  `del_Flag` varchar(2) CHARACTER SET utf8 COLLATE utf8_general_ci NULL DEFAULT '0' COMMENT '删除标识（0正常 1关闭）',
  `create_by` varchar(64) CHARACTER SET utf8 COLLATE utf8_general_ci NULL DEFAULT '' COMMENT '创建者',
  `create_time` datetime(0) NULL DEFAULT NULL COMMENT '创建时间',
  `update_by` varchar(64) CHARACTER SET utf8 COLLATE utf8_general_ci NULL DEFAULT '' COMMENT '更新者',
  `update_time` datetime(0) NULL DEFAULT NULL COMMENT '更新时间',
  `theme` varchar(255) CHARACTER SET utf8 COLLATE utf8_general_ci NULL DEFAULT NULL COMMENT '主题',
  `type` varchar(255) CHARACTER SET utf8 COLLATE utf8_general_ci NULL DEFAULT NULL COMMENT '类型',
  `parent_task` varchar(255) CHARACTER SET utf8 COLLATE utf8_general_ci NULL DEFAULT NULL COMMENT '父级任务',
  `agent` varchar(255) CHARACTER SET utf8 COLLATE utf8_general_ci NULL DEFAULT NULL COMMENT '经办人',
  `priority` varchar(10) CHARACTER SET utf8 COLLATE utf8_general_ci NULL DEFAULT NULL COMMENT '优先级',
  `status` varchar(10) CHARACTER SET utf8 COLLATE utf8_general_ci NULL DEFAULT NULL COMMENT '状态',
  `solve_results` varchar(10) CHARACTER SET utf8 COLLATE utf8_general_ci NULL DEFAULT NULL COMMENT '解决结果',
  `module` varchar(255) CHARACTER SET utf8 COLLATE utf8_general_ci NULL DEFAULT NULL COMMENT '模块',
  `expected_completion_time` datetime(0) NULL DEFAULT NULL COMMENT '期望完成时间',
  `original_estimate_time` varchar(20) CHARACTER SET utf8 COLLATE utf8_general_ci NULL DEFAULT NULL COMMENT '原估时间',
  `label` varchar(255) CHARACTER SET utf8 COLLATE utf8_general_ci NULL DEFAULT NULL COMMENT '标签',
  PRIMARY KEY (`id`) USING BTREE
) ENGINE = InnoDB AUTO_INCREMENT = 139 CHARACTER SET = utf8 COLLATE = utf8_general_ci COMMENT = '测试用例表' ROW_FORMAT = Dynamic;

-- ----------------------------
-- Records of test_case
-- ----------------------------
INSERT INTO `test_case` VALUES (100, '0', '', NULL, '', NULL, '测试用例-水印信息管理的界面查询', '任务', '1', '胡琴', '重要', '开始', '未解决', '111', NULL, '1h', NULL);
INSERT INTO `test_case` VALUES (102, '0', '', NULL, '', NULL, '测试用例-水印信息管理的数据修改', '任务', '2551111111', '胡琴', '重要', '开始', '未解决', '12', NULL, '1h', NULL);
INSERT INTO `test_case` VALUES (103, '0', '', NULL, '', NULL, '测试用例-水印信息管理的数据删除', '任务', NULL, '胡琴', '重要', '开始', '未解决', NULL, NULL, '1h', NULL);
INSERT INTO `test_case` VALUES (104, '0', '', NULL, '', NULL, '测试用例-水印信息管理的数据批量删除', '任务', NULL, '胡琴', '重要', '开始', '未解决', NULL, NULL, '1h', NULL);
INSERT INTO `test_case` VALUES (105, '0', '', NULL, '', NULL, '测试用例-水印信息管理的数据导出', '任务', NULL, '胡琴', '重要', '开始', '未解决', NULL, NULL, '1h', NULL);
INSERT INTO `test_case` VALUES (106, '0', '', NULL, '', NULL, '测试用例-产品评分表的界面查询', '任务', NULL, '胡琴', '重要', '开始', '未解决', NULL, NULL, '1h', NULL);
INSERT INTO `test_case` VALUES (107, '0', '', NULL, '', NULL, '测试用例-产品评分表的数据新增', '任务', NULL, '胡琴', '重要', '开始', '未解决', NULL, NULL, '1h', NULL);
INSERT INTO `test_case` VALUES (108, '0', '', NULL, '', NULL, '测试用例-产品评分表的数据修改', '任务', NULL, '胡琴', '重要', '开始', '未解决', NULL, NULL, '1h', NULL);
INSERT INTO `test_case` VALUES (109, '0', '', NULL, '', NULL, '测试用例-产品评分表的数据删除', '任务', NULL, '胡琴', '重要', '开始', '未解决', NULL, NULL, '1h', NULL);
INSERT INTO `test_case` VALUES (110, '0', '', NULL, '', NULL, '测试用例-产品评分表的数据批量删除', '任务', NULL, '胡琴', '重要', '开始', '未解决', NULL, NULL, '1h', NULL);
INSERT INTO `test_case` VALUES (111, '0', '', NULL, '', NULL, '测试用例-产品评分表的数据导出', '任务', NULL, '胡琴', '重要', '开始', '未解决', NULL, NULL, '1h', NULL);
INSERT INTO `test_case` VALUES (112, '0', '', NULL, '', NULL, '测试用例-产品收藏表的界面查询', '任务', NULL, '胡琴', '重要', '开始', '未解决', NULL, NULL, '1h', NULL);
INSERT INTO `test_case` VALUES (113, '0', '', NULL, '', NULL, '测试用例-产品收藏表的数据新增', '任务', NULL, '胡琴', '重要', '开始', '未解决', NULL, NULL, '1h', NULL);
INSERT INTO `test_case` VALUES (114, '0', '', NULL, '', NULL, '测试用例-产品收藏表的数据修改', '任务', NULL, '胡琴', '重要', '开始', '未解决', NULL, NULL, '1h', NULL);
INSERT INTO `test_case` VALUES (115, '0', '', NULL, '', NULL, '测试用例-产品收藏表的数据删除', '任务', NULL, '胡琴', '重要', '开始', '未解决', NULL, NULL, '1h', NULL);
INSERT INTO `test_case` VALUES (116, '0', '', NULL, '', NULL, '测试用例-产品收藏表的数据批量删除', '任务', NULL, '胡琴', '重要', '开始', '未解决', NULL, NULL, '1h', NULL);
INSERT INTO `test_case` VALUES (117, '0', '', NULL, '', NULL, '测试用例-产品收藏表的数据导出', '任务', NULL, '胡琴', '重要', '开始', '未解决', NULL, NULL, '1h', NULL);
INSERT INTO `test_case` VALUES (118, '0', '', NULL, '', NULL, '测试用例-产品信息表的界面查询', '任务', NULL, '胡琴', '重要', '开始', '未解决', NULL, NULL, '1h', NULL);
INSERT INTO `test_case` VALUES (119, '0', '', NULL, '', NULL, '测试用例-产品信息表的数据新增', '任务', NULL, '胡琴', '重要', '开始', '未解决', NULL, NULL, '1h', NULL);
INSERT INTO `test_case` VALUES (120, '0', '', NULL, '', NULL, '测试用例-产品信息表的数据修改', '任务', NULL, '胡琴', '重要', '开始', '未解决', NULL, NULL, '1h', NULL);
INSERT INTO `test_case` VALUES (121, '0', '', NULL, '', NULL, '测试用例-产品信息表的数据删除', '任务', NULL, '胡琴', '重要', '开始', '未解决', NULL, NULL, '1h', NULL);
INSERT INTO `test_case` VALUES (122, '0', '', NULL, '', NULL, '测试用例-产品信息表的数据批量删除', '任务', NULL, '胡琴', '重要', '开始', '未解决', NULL, NULL, '1h', NULL);
INSERT INTO `test_case` VALUES (123, '0', '', NULL, '', NULL, '测试用例-产品信息表的数据导出', '任务', NULL, '胡琴', '重要', '开始', '未解决', NULL, NULL, '1h', NULL);
INSERT INTO `test_case` VALUES (124, '0', '', NULL, '', NULL, '测试用例-基础表的界面查询', '任务', NULL, '胡琴', '重要', '开始', '未解决', NULL, NULL, '1h', NULL);
INSERT INTO `test_case` VALUES (125, '0', '', NULL, '', NULL, '测试用例-基础表的数据新增', '任务', NULL, '胡琴', '重要', '开始', '未解决', NULL, NULL, '1h', NULL);
INSERT INTO `test_case` VALUES (126, '0', '', NULL, '', NULL, '测试用例-基础表的数据修改', '任务', NULL, '胡琴', '重要', '开始', '未解决', NULL, NULL, '1h', NULL);
INSERT INTO `test_case` VALUES (127, '0', '', NULL, '', NULL, '测试用例-基础表的数据删除', '任务', NULL, '胡琴', '重要', '开始', '未解决', NULL, NULL, '1h', NULL);
INSERT INTO `test_case` VALUES (128, '0', '', NULL, '', NULL, '测试用例-基础表的数据批量删除', '任务', NULL, '胡琴', '重要', '开始', '未解决', NULL, NULL, '1h', NULL);
INSERT INTO `test_case` VALUES (129, '0', '', NULL, '', NULL, '测试用例-基础表的数据导出', '任务', NULL, '胡琴', '重要', '开始', '未解决', NULL, NULL, '1h', NULL);
INSERT INTO `test_case` VALUES (131, '0', '', NULL, '', NULL, '测试', '任务', '测试01', '胡琴', '重要', '1', '未解决', '测试', '2020-12-31 00:00:00', '1h', '110');
INSERT INTO `test_case` VALUES (132, '0', '', NULL, '', NULL, '测试02', '新功能', '测试01', '小胡鸭', '重要', '1', '为解决', '前端', '2020-12-28 00:00:00', '1h', '222');
INSERT INTO `test_case` VALUES (134, '0', NULL, NULL, '', NULL, '123', '123', '213', '213', '213', '0', '321', '213', '2020-12-28 00:00:00', '312', '123');
INSERT INTO `test_case` VALUES (135, '0', 'admin', NULL, '', NULL, '123', '123', '12312123', '123', '123', '0', '123', '123', '2020-12-29 00:00:00', '123', '123');
INSERT INTO `test_case` VALUES (136, '0', 'admin', NULL, '', NULL, '12', '312', '312223123', NULL, NULL, '0', NULL, NULL, NULL, NULL, NULL);
INSERT INTO `test_case` VALUES (137, '0', 'admin', NULL, '', NULL, '123111111111', '123', '123', '123', '123', '0', '123', '123', NULL, '123', '123');
INSERT INTO `test_case` VALUES (138, '0', 'admin', NULL, '', NULL, '封杀的', NULL, NULL, NULL, NULL, '0', NULL, NULL, NULL, NULL, NULL);

SET FOREIGN_KEY_CHECKS = 1;
